id,text,label,source,source_group,language,text_hash,v2_phishing_probability,v2_prediction,v2_error,v1_phishing_probability,v1_prediction,v1_v2_probability_gap,v1_v2_prediction_disagreement,hardness,distance_from_boundary,mining_reason
email-0091410,"Subject: newsletter service

hi ,
did you have any e mail newsletter service
? ifthere is , please send me its adress . . thank you
. .
kind regards
orkun unalan",1,Enron,seven-phishing-email,en,778d0c5738bc6efc920c860b827c3456219630a4e78dd077163f5b5ed9be6eb7,0.09110199463490865,0,True,0.8150204623492422,1,0.7239184677143335,True,0.9088980053650914,0.40889800536509135,false_negative_v2
email-0089533,"Subject: Sorting dir output

Hi Guys

How could I exec a 'dir' command on a dos system and put the output in
an array, sort by date and the files that are older than 3 days be moved
into a folder called 'history'

Thanks

Craig

-- 
To unsubscribe, e-mail: beginners-unsubscribe@perl.org
For additional commands, e-mail: beginners-help@perl.org
http://learn.perl.org/",1,TREC-07,seven-phishing-email,en,6c706283cc50f0cd9432ded45c07ff0aa52c17c143522c318d2ca1feafabc4a3,0.0037106687538183605,0,True,0.09590995034944653,0,0.09219928159562818,False,0.9962893312461817,0.49628933124618163,false_negative_v2
email-0157051,"Subject: Announcing Energy Profit Optimization Seminar Series

FOR IMMEDIATE RELEASE

PROS Revenue Management Announces Energy Profit Optimization Web Seminar Series

November 20, 2001-Houston- PROS Revenue Management, the world's leader in pricing and revenue optimization science and software, today announced a series of Energy Profit Optimization Web Seminars for the natural gas pipeline, storage, and trading industries in December.

PROS cordially invites you to attend this series which is scheduled as a set of four seminars as follows: 
o December 5th: Pipeline Natural Gas Profit Optimization, 2:00 - 3:00pm Central Time
o December 6th: Storage Profit Optimization for Storage Operators, 2:00 - 3:00 pm Central Time
o December 6th: Storage Profit Optimization for Storage Traders, 3:30 - 4:30 pm Central Time
o December 7th: Trading Profit Optimization, 2:00 - 3:00 pm Central Time

Recently, a Wall Street analyst was quoted: ""By 2001, companies that neglect to implement yield management techniques will become uncompetitive."" PROS Revenue Management solutions have been credited with delivering 6-8% incremental revenue and 20-100% incremental profits. These Web seminars will allow industry leaders to learn from the experience PROS has gained in over 16 years of deploying these solutions.

These seminars will cover the basics of increasing revenues and profits while providing insight on how real-time data can be used to forecast demand elasticity and optimize profits. Participants of previous PROS seminars have found these sessions to be extremely helpful in improving their business and making them more valuable to their respective organizations.

The Web format will allow participants to attend from remote locations, ask questions in real-time, and interact with the presenter through an Internet browser and toll-free telephone number. 

This seminar is free of charge, spaces are limited for a first come first served basis. More information and registration can be found at: http://www.prosrm.com/events/energy_optimization_webcast_series.html, or send an email to AnnualConference@prosRM.com. Interested participants will be contacted to receive conference access information.

About PROS
PROS Revenue Management is the world's leader in pricing and revenue optimization solutions and the pioneer and dominant provider of revenue management to the airline and energy industry. PROS provides system solutions to the airline, energy, cargo, rail, healthcare, and broadcast industries, and has licensed over 235 systems to more than 95 clients in 39 countries. PROS' clients include 15 of the top 25 carriers in the airline industry.

The PROS mission is to maximize the revenue of each client using PROS' world-leading revenue management science, systems solutions, and best practices business consulting. PROS' clients report annual incremental revenue increases of 6-8% as a result of revenue management. PROS' solutions forecast demand, optimize inventory, and provide dynamic pricing to maximize revenue. 

Founded in 1985 in Houston, PROS Revenue Management has a six-year compounded revenue growth of 40%, in large part due to the intellectual capital of its staff. Nearly half of PROS' professional staff has advanced degrees and the staff speaks a cumulative total of 26 languages. The company is profitable with Year 2000 revenue of $29 million. For more information on PROS Revenue Management, please visit www.prosRM.com or call 713-335-5151.
 
Candy Haase
3100 Main Street, Suite 900
Houston, TX 77002 USA
713-335-5253
713-335-8144 fax
info@prosRM.com / www.prosRM.com",1,TREC-05,seven-phishing-email,en,eec4cf033ed69f366879711bf4837c6dea14ce35ad647e83580f87e91c982a76,0.06879424061756008,0,True,0.36156184917558115,0,0.2927676085580211,False,0.9312057593824399,0.43120575938243993,false_negative_v2
email-0148191,"Subject: send REAL PAPER GREETING CARDS on-line!

Cards In Advance Birthday Anniversary Get Well Soon Thinking of you Congratulations Sympathy Engagement Good Luck New Baby New Home Love & Romance Friendship Retirement Graduation Thank You Valentine's Day (Feb) Passover (Apr) Easter (Apr) Mother's Day (May) Father's Day (Jun) Rosh Hashana (Sep) Halloween (Oct) Thanksgiving (Nov) Christmas (Dec) Happy New Year (Dec) Hanukkah (Dec)   You received this email because you signed up at one of Cards In Advance's websites or you signed up with a party that has contracted with Cards In Advance. To unsubscribe from the Cards In Advance mailing list please reply to this email with ""remove"" as the subject. http://xent.com/mailman/listinfo/fork",1,Assassin,seven-phishing-email,en,e7b34ea8ecfb622af5585f6c9f1ca53d7c3290a032c6f0eba52ae0824fb1dd8a,0.1649144261420653,0,True,0.8248000043703735,1,0.6598855782283082,True,0.8350855738579347,0.3350855738579347,false_negative_v2
email-0164847,re : re : re : your document please read the attached file .,1,zefang-phishing-email,zefang-phishing-email,en,b1bf820e3b843e08d05497b3a6d29f528d1443ebf88dd60b82f690675fa86d06,0.1157679173305306,0,True,0.5753211469578373,1,0.4595532296273067,True,0.8842320826694694,0.3842320826694694,false_negative_v2
email-0104778,"Subject: [Reform] However you shouldnt consume more than 2 pills in 8hrs and never consume more than 4 pills in a single day.

Your orgasms will be enhanced to the point of ecstasy, and your stamina and overall sexual health will be greatly increased.
http://baixqi.com

_______________________________________________
Reform mailing list
Reform@meerschwein.hh.schule.de
http://gsw.dyndns.org/cgi-bin/mailman/listinfo/reform",1,TREC-07,seven-phishing-email,en,2e18591f371676ec8e70b6ae91efda48b5baa2c54ba288981420a9ce02dbe9a3,0.1706148907729775,0,True,0.8229435401209276,1,0.6523286493479501,True,0.8293851092270225,0.32938510922702247,false_negative_v2
email-0154973,"Subject: [ILUG] BNIMANIE !!!

!!! http://dengi.150m.com/Golden%20Stream.htmhttp://dengi.150m.com/NEW.htm -- Irish Linux Users' Group: ilug@linux.ie http://www.linux.ie/mailman/listinfo/ilug for (un)subscription information. List maintainer: listmaster@linux.ie",1,Assassin,seven-phishing-email,en,f84f2e99343802cc6bbad7b70214c048086662a1d619e9b011f7b166d1783edb,0.0157152286936741,0,True,0.0016949750591888893,0,0.014020253634485209,False,0.9842847713063259,0.4842847713063259,false_negative_v2
email-0165753,"----------------------------------------------------------
>> GiftCD Offer Newsletter Confirmation August 8th, 2002
----------------------------------------------------------Thank you for your subscription.
As a valued GiftCD subscriber, check out this great 
gift!Thank you for your subscription.
This message was sent to you as a Valued GiftCD
subscriber. Check out this great gift!+--------------------------------------------------------+
911 Anniversary Gift.
+--------------------------------------------------------+Free with NO SHIPPING! Grab one of this hot gift,
available to all Americans for free. (valid until Sep 11)
http://giftcd.com/offers/track_colonialmint.shtml
+--------------------------------------------------------+
FREE ColonialMint $2001 Bush Memorial Dollar Bill
+--------------------------------------------------------+Perfect gift for mom, dad, family members, friends and 
co-workers. Every American should have one.
(Free gift valid for U.S. Residents Only)
http://www.giftcd.com/offers/track_colonialmint.shtml
+--------------------------------------------------------+
~~~ Free 911 Anniv $2001 Dollar gift.
+--------------------------------------------------------+Limited collector item. Grab one of the hottest 
American collection for FREE before Sep 11 2002.
http://giftcd.com/offers/track_colonialmint.shtml
Regards,
Melanie Conell
Gift CD Editorial Team
http://www.giftcd.com
----------------------------------------------------------
>> Subscription, Disclaimer & Copyright
----------------------------------------------------------This email is part of your GiftCD Newsletter
subscription. If you are no longer interested, 
please forward this email to:
unsubscribenow@giftcd.comIMPORTANT: To protect our subscribers privacy, 
we do not allow third party subscriptions. If you 
receive this email by mistake or your friend subscribe 
for you without your consent, please forward this email 
to us for further investigation. We welcome suggestions, comments and feedback. 
Contact us at: optinsupport@giftcd.com==========================================================
Copyright 2002 GiftCD.com. All rights reserved.
http://xent.com/mailman/listinfo/fork",1,zefang-phishing-email,zefang-phishing-email,en,a6fe97fe6608b4f0d3fb180bd93bf8735660cf2650b9e725d4731043045d0f7e,0.19999107358228282,0,True,0.9302036636935878,1,0.7302125901113049,True,0.8000089264177171,0.30000892641771715,false_negative_v2
email-0173430,"sci - fi convention hi , i was asked to pass this on as you might be interested . the large infinity convention in cardiff in july has now confirmed their star wars , dr . who and star trek guests - it looks to be one of the largest events that part of the uk has seen for some time , and great fun . their site is at http : / / www . cf . ac . uk / ccin / main / ents / sffc / infinity . html and is in aid of children 's cancer . the guests include dave prowse ( darth vader ) , colin baker ( 6th dr . who ) , ed bishop ( cmdr . straker ufo ) , authors diane duane and peter morewood and many more . ideal for the family or with friends . regards , mike",1,zefang-phishing-email,zefang-phishing-email,en,34ad086222349f6164c83c94da09cd2bfd6dc1d780dbf8b9f89df004449da961,0.16737622785383208,0,True,0.7283925581273735,1,0.5610163302735414,True,0.8326237721461679,0.3326237721461679,false_negative_v2
email-0152977,"Subject: Spam Quarantine Summary

Dear irc-list-web@skidmore.edu, this is your quarantine summary from the Skidmore Spam Firewall.

You have 4 messages in your spam quarantine inbox. To view the contents of your quarantine inbox or to manage your spam preferences, please open the following link in your browser:
http://141.222.0.11:8000/cgi-bin/index.cgi?user=irc-list-web@skidmore.edu&password=00ddc374f9f3dd70a08fd293e236a471&et=1111610520",1,TREC-06,seven-phishing-email,en,94f91e124d845a5b9cbbf7b5046eb2438e44e95e7b09014688b561569d10b458,0.04569510678190839,0,True,0.001852949570141955,0,0.04384215721176644,False,0.9543048932180916,0.4543048932180916,false_negative_v2
email-0052928,"Subject: Happy Thanksgiving

I just wanted to sincerely wish all of you a very happy and safe
Thanksgiving with your families.

Thanks to all of you for helping me build my business this year.

--------------------------
Carol Measom
Tom James Company of Houston
4605 Post Oak Place Drive, #200
Houston, Texas 77027
713.622.5678, ext 124
www.tomjamesco.com

Learn more about me at:
http://www.tomjames.com/asp/biopage.asp?empidn=05568",1,TREC-05,seven-phishing-email,en,61cbb73b6025b4ddccc9736e0cca244a4ff08c144188a5a47561eeef93eb92ac,0.048509423683320035,0,True,0.09780632958390993,0,0.049296905900589896,False,0.95149057631668,0.45149057631668,false_negative_v2
email-0036932,"Subject: Secure SMTP Message

TWjAeDG
Your requested mail has been attached.",1,CEAS-08,seven-phishing-email,en,7c058c9bb27d0e931e69dccbe78609618cfde36100e2ff90473147310a28919f,0.15171236419913503,0,True,0.5381765920127702,1,0.3864642278136352,True,0.848287635800865,0.34828763580086497,false_negative_v2
email-0094302,"Subject: January 2002 SPE eUpdate

Dear, Richard

The January 2002 issue of your SPE eUpdate includes:

WHAT'S NEW
* December winner announced in SPE's Share Our Strength contest
* Register for your unique SPE e-mail account
* Housing and registration information available for 2002 Offshore Technology Conference

RESCHEDULED MEETINGS
IADC/SPE Middle East Drilling Technology Conference and Exhibition

FIND THE TECHNOLOGY 
New technologies, case studies, best practices, and information exchange at:
* Fourth International Symposium on Oilfield Scale
* 2002 SPE/IADC Drilling Conference
* Sixth International Conference on Health, Safety, and Environment in Oil and Gas Exploration and Production
* 2002 SPE International Symposium and Exhibition on Formation Damage Control
* 2002 SPE Forum Series in Asia Pacific (I and II)

Find ""use-it-now"" technology at SPE Applied Technology Workshops:
* Gas Utilization and Disposal
* Production Enhancement 
* Off Well Site Decision Making
* Geomechanics Applications for Reservoir Exploitation
* Real-Time Wellbore Stability
* E-Business in the Petroleum Industry
* Field Management of Mature Reservoirs

AUTHOR OPPORTUNITIES
Want to author a paper for presentation at an SPE meeting? Here are upcoming opportunities.

SPE CALENDAR
A list of coming Society events.

xxxxxxxxxxxxxxxxxxxxxxxxxxxxxxxxxxxxxxxxxxxxxxxxxxxxxxxxxxxxxxxxxxxxxxx
WHAT'S NEW

David Rice of the Dallas Section is the December 2001 quarterly winner in SPE's Share Our Strength membership recruitment campaign contest. SPE members become eligible for monthly drawings when they recruit qualified new SPE members. Learn more about the campaign at http://www.spe.org/membership/

SPE e-mail is perfect for professionals who are constantly on the go. Accessible from any Web browser, your private, secure, and commercial-free SPE e-mail account allows you to check your e-mail from any place at any time. To register, visit the MySPE! section of SPE.org at http://www.spe.org/spelogin2.fcc?TYPE=33554433&REALMOID=06-3bd08167-9c38-0058-0000-3f3a00003f3a&GUID=&SMAUTHREASON=0&TARGET=http://www.spe.org:81/spe/cda/views/siteminder/authenticate/0,1587,1648_2394,00.html

Reserve your hotel room now for the 2002 Offshore Technology Conference, 6-9 May at the new Reliant Center at Reliant Park in Houston. View the conference schedule and technical program, as well as information about Topical Luncheons, General Sessions, and the Exhibition. http://speonline.spe.org/htmlevents/2002otc/conference.html

RESCHEDULED MEETINGS
The IADC/SPE Middle East Drilling Technology Conference and Exhibition has been rescheduled for 9-11 March in Bahrain.

FIND THE TECHNOLOGY
The Fourth International Symposium on Oilfield Scale, 30-31 January, Aberdeen, offers focused technical presentations related to the research and application of mineral scale control. The two-day event covers case histories, challenging environments, scale inhibition challenges, emerging technologies, and the economics of scale management. Registration is available through 22 January. For more information and to register, visit http://www.spe.org/spe/cda/views/events/eventMaster/0,1470,1648_2194_22035,00.html.

Conference registration and housing forms for the 2002 IADC/SPE Drilling Conference, 26-28 February, Dallas, are available online. Also, see who'll be exhibiting and what technology will be discussed at
http://www.spe.org/spe/cda/views/events/eventMaster/0,1470,1648_2236_24789,00.html

""Partnership for a Sustainable Future"" is the theme of the Sixth SPE International Conference on Health, Safety, and Environment in Oil and Gas Exploration and Production, 20-22 March, Kuala Lumpur. Planned are three plenary sessions, 14 panel sessions, 44 technical sessions, and one poster session. For more information and to register, visit http://www.spe.org/spe/cda/views/events/eventMaster/0,1470,1648_2236_24800,00.html

As the largest and most diversified conference related to preventing, diagnosing, and remediating formation damage, the 2002 SPE International Symposium and Exhibition on Formation Damage Control, 20-21 February, Lafayette, Louisiana, U.S.A., will offer sessions designed to bridge the tasks expected of reservoir, drilling, production, and geological professionals. Find out more at http://www.spe.org/spe/cda/views/events/eventMaster/0,1470,1648_2236_22089,00.html

SPE Forum Series in Asia Pacific (Nusa Dua, Indonesia)
Forum I, The Continuing Role of Well Testing, 12-17 May. http://www.spe.org/spe/cda/views/events/eventMaster/0,1470,1648_2194_24723,00.html
Forum II, Delivering the 40,000 ft ERD Well, 19-24 May
http://www.spe.org/spe/cda/views/events/eventMaster/0,1470,1648_2194_24889,00.html

Find ""use-it-now"" technology in your technical interests or specialties at any of the following SPE Applied Technology Workshops:
* Gas Utilization and Disposal, 7-10 April, Phuket, Thailand, aims to facilitate sharing experiences and recent technological advances for maximizing the efficiency with which ""gas"" can be exploited and reducing negative environmental and economic impacts.
http://www.spe.org/spe/cda/views/events/eventMaster/0,1470,1648_2194_24792,00.html
* Production Enhancement, 21-24 April, Kota Kinabalu, Sabah, Malaysia, will focus on incrementally increasing production based upon case histories and working examples that include application of new and existing technology, automation-artificial intelligence, cost reduction, business partnerships, and statistical-analytical methods. http://www.spe.org/spe/cda/views/events/eventMaster/0,1470,1648_2194_286329,00.html
* Case studies will be the focus of Off Well Site Decision Making, 22-23 April, Austin, Texas, U.S.A. Issues to be explored include offsite optimization of drilling operations - what works and what doesn't; integration of drilling and G&G information; offsite monitoring and management of major rig equipment; offsite optimization of non-drilling operations, such as completions stimulation; offsite decision making as a way to leverage and share knowledge; and psychological and cultural issues involved in transferring part of rig decision making activity off site. http://www.spe.org/spe/cda/views/events/eventMaster/0,1470,1648_2236_270287,00.html
* Geomechanics Applications for Reservoir Exploitation, 28 April - 1 May, Kota Kinabalu, Sabah, Malaysia, is targeted to develop and enhance the understanding of each professional's role in the overall management of geomechanics in today's operating environment. http://www.spe.org/spe/cda/views/events/eventMaster/0,1470,1648_2194_286058,00.html
* Drilling, geological, petrophysical, and geomechanics engineers involved in petroleum well construction can benefit from Real Time Wellbore Stability, 20-21 May, Houston. Presenters will address limitations of current technology and future developments. http://www.spe.org/spe/cda/views/events/eventMaster/0,1470,1648_2236_270517,00.html
* E-Business in the Petroleum Industry, 2-5 June, Singapore, will focus in discussing the various applications of e-business for the industry, the implications in work processes and change management, obstacles and potential benefits for operators and service companies, current practices, developments, and future trends. http://www.spe.org/spe/cda/views/events/eventMaster/0,1470,1648_2194_315201,00.html
* Post plateau and decline period in a field's life cycle curve is the focus of the third workshop on Field Management of Mature Reservoirs, 4-7 June, Scheveningen, The Netherlands. Discussions include technical challenges, best practices, case histories, risk management, and people management. Deadline for receipt of applications is 15 March 2002. For the workshop brochure and/or to submit an application please visit http://www.spe.org/spe/cda/views/events/eventMaster/0,1470,1648_2194_341720,00.html

AUTHOR OPPORTUNITIES
Want to author a paper for presentation at an SPE meeting? Here are upcoming opportunities:

* ""Value Creation Through Appropriate Technology: Transforming Opportunities into Realities"" is the theme of the IADC/SPE Asia Pacific Drilling Technology Conference, 9-11 September, Jakarta, Indonesia.. To explore possible paper proposal categories or to submit a paper proposal, visit http://www.spe.org/spe/cda/views/events/eventMaster/0,1470,1648_2194_25144,00.html 
* ""Technology for Tomorrow's Reservoirs"" is the theme for 2002 Europec, 23-25 October, Aberdeen. Areas of interest sought include deep water, individual technologies, subsea, construction, economic value of data, production optimization, risk management, well/reservoir modeling, and increasing recovery factors. View guidelines and the submission form at http://www.spe.org/spe/cda/views/events/eventMaster/0,1470,1648_2194_108046,00.html.
* ""Creative Solutions for Maturing Basins and New Frontiers"" is the theme of the SPE Asia Pacific Oil & Gas Conference and Exhibition, 8-10 October, Melbourne, Australia. Seeking paper proposals on gas technology, business uncertainty and risk, well construction, knowledge management, EOR, facilities optimization, management of maturing fields, reservoir characterization, case studies and other categories. To see all of the categories and submit a paper proposal, visit http://www.spe.org/spe/cda/views/events/eventMaster/0,1470,1648_2194_25172,00.html. 

Are you an expert in your field? SPE's technical journals, the ""Definitive Technical Series,"" seek technical editors to contribute their expertise to SPE Journal, SPE Drilling & Completion, SPE Production & Facilities, or SPE Reservoir Evaluation & Engineering. Apply online at http://www.spe.org/spe/cda/views/shared/viewHtmlMaster/0,1565,1648_2312_8866,00.html

SPE CALENDAR
For a list of upcoming Society events, visit http://www.spe.org/spe/cda/views/events/channelMaster/0,1468,1648_2194,00.html

xxxxxxxxxxxxxxxxxxxxxxxxxxxxxxxxxxxxxxxxxxxxxxxxxxxxxxxxxxxxxxxxxxxxxxxxx
www.spe.org
The Society of Petroleum Engineers Inc. (SPE) is pleased to send you this issue of the SPE eUpdate, a monthly bulletin that provides the latest information and directly links you to more details on Society meetings, membership, and products and services, as well as SPE Online and other news of interest
xxxxxxxxxxxxxxxxxxxxxxxxxxxxxxxxxxxxxxxxxxxxxxxxxxxxxxxxxxxxxxxxxxxxxxxxx
HOW TO UNSUBSCRIBE
xxxxxxxxxxxxxxxxxxxxxxxxxxxxxxxxxxxxxxxxxxxxxxxxxxxxxxxxxxxxxxxxxxxxxxxxx
The SPE eUpdate is a service to SPE members and friends. If you have suggestions or comments, please send them to service@spe.org. If you do not wish to receive this newsletter in the future, send a message to service@spe.org, with ""SPE eUpdate"" in the subject line and the phrase ""unsubscribe newsletter"" in the text. Please include your member name or your member number.

The Society of Petroleum Engineers
P.O. Box 833836
Richardson, TX 75083-3836 U.S.A.
972-952-9393
service@spe.org
www.spe.org

If you have received the SPE eUpdate in error, please accept our apology.

0766576",1,TREC-05,seven-phishing-email,en,33cba83adb8cc2eeb27308b5d3cb9b9955f7f86675df91db2c3a7813b7d92152,0.06751484499429937,0,True,0.10111094689393058,0,0.033596101899631206,False,0.9324851550057006,0.4324851550057006,false_negative_v2
email-0134852,"Subject: re : using ling - spam for discourse analysis

many thanks for letting me know . sounds interesting !
ion
- - -
ion androutsopoulos - - http : / / www . aueb . gr / users / ion /
lecturer , dept . of informatics , athens univ . of economics and business
- - - - - original message - - - - -
from : d . lohmann [ mailto : dlohmann @ gmx . de ]
sent : wednesday , july 14 , 2004 12 : 16 am
to : ion @ aueb . gr
subject : using ling - spam for discourse analysis
dear mr . androutsopoulos ,
i just wanted to let you know i found the ling - spam corpus on your
website and wanted to notify you that i am using several spam e - mail
examples taken from your corpus for a final paper . i am a student of
computational linguistics at the university of potsdam in germany
( www . ling . uni - potsdam . de / cl ) and i ' m currently writing about the
discourse structure of spam e - mails for a seminar on discourse and
dialogue structure .
thanks for the corpus ( even though i don ' t do any spam filtering with
it ) - - best regards ,
dorothee lohmann",1,Enron,seven-phishing-email,en,0d371e49c07395aa4ae57129d3f7d2e6f56f2e61aa9cbba1ddc4c0a08dd75cd4,0.09235491207369449,0,True,0.0014532349201750467,0,0.09090167715351945,False,0.9076450879263055,0.4076450879263055,false_negative_v2
email-0157084,"Subject: Your FastWeb Password

Dear Stacy:

You recently requested your FastWeb password. It's shown below.
Make sure you keep your password handy, as you'll need it every
time you enter FastWeb.

Your password is TEDDYSUE.

To access your FastWeb results page, click on the link below:

http://www.fastweb.com/mailbox

Good luck with your scholarship search!

The FastWeb Team",1,TREC-05,seven-phishing-email,en,72d95b82ee36d27ce9614b97b3610bc11b87f5c6efe15fcbd7505ec415c81f32,0.22113355767724432,0,True,0.8097574347688474,1,0.5886238770916031,True,0.7788664423227557,0.2788664423227557,false_negative_v2
email-0098324,"Subject: fw : !

a when you how ' s your ? driving at ? good . fonts i wonder what if . . .",1,Enron,seven-phishing-email,en,d840f41627d9e9911286e6e2075acc57e9d577b0beec8752dfc3a015809c9c1f,0.14010093492181064,0,True,0.38487625025459343,0,0.2447753153327828,False,0.8598990650781894,0.35989906507818936,false_negative_v2
email-0017218,"Subject: MICROSOFT CORPORATION Sends Illegal Unsolicited Spam

..You are receiving this email notification because... -> MICROSOFT SENDS ILLEGAL UNSOLICITED COMMERCIAL SPAM <- OUR MISSION: Worldwide Boycott of MICROSOFT Software / Hardware / Service SHOW YOUR SUPPORT: ""Don't Support Illegal Spam, Don't Buy Microsoft Products"" OUR GOAL: 100 Billion Views / 99.9% Internet Saturation / 178 Parts (2005-2007) [SPAMIS Foundation: Strategic Partnership Against Microsoft Illegal Spam] [Part 39 of 178] ----- ---- --- -- - - - ARTICLE ON MICROSOFT CORPORATION SENDING ILLEGAL SPAM Junk mail from MS (Microsoft): Whose spam is it anyway? by Graham Lea / The Register Technology News _____________________________________________________________ Special report ""Spammers are thieves... They're hijacking your system to deliver their unrequested, unwanted advertising,"" says a new Microsoft web site paper by R'ykandar Korra'ti. But Microsoft is on shaky ground when it comes to spam - in recent newsgroup posting the company's own abuse manager Mike Lyman has effectively been conceding that Microsoft sends out unwelcome, unsolicited mail, and that company staff are unwilling and unable to do much about it. Microsoft's anti-spam stance is being undermined by a combination of faulty software systems, bureaucracy and incompetence. Lyman means well, but getting Microsoft to deliver a service that comes close to Korra'ti's objectives seems to be like trying to push water uphill. This isn't helped by the greed factor operating on top of the other problems. According to Korra'ti, ""The allegedly legitimate' spammers... don't hide where their mail is coming from, and at least they pretend to offer a way off their lists."" As far as quite a few users are concerned, that makes Microsoft a ""legitimate spammer"". Several mailing lists and newsgroups are currently discussing complaints about Microsoft and spam, and there have been several clear instances where the company has been at fault, and where this has been conceded by Lyman. One of the problems, he admits, is a ""tainted"" database that isn't being fixed, and is still being used. He also concedes that at least one mailing wasn't justified, that some Microsoft staff aren't acting according to official company policy when it comes to unsolicited mail, and that the company is currently far more concerned with privacy, and is therefore putting too few resources into cleaning up its own act on spam. The database problems often make it difficult for people to get off the mailing list, which they could well have been put onto without their agreement. This is by no means unusual in the industry, but Microsoft continues to add people to its list, to use databases that haven't been properly cleaned up, and to transfer mailing lists to third parties without the knowledge or permission of the people listed. The emailing that caused most ire was one about Microsoft's plans for Y2K (two copies of this one just this morning - Ed), but other smaller volume efforts continue. Some people also claim that visitors to Microsoft sites may find themselves getting unrequested newsletters. And last week Microsoft is said to have mailed MCSE training course attendees who had specifically checked the 'no publicity' box. When Microsoft sold Sidewalk to Citysearch, it seems to have sold its database without deleting those who had asked to be removed but at the time were possibly only flagged for removal. To their annoyance, they were then started hearing from Sidewalk: ""Since you previously registered with Sidewalk, we thought you would like to know..."" Unsolicited email from Microsoft may say that the email is being sent to ""preferred members,"" but recipients frequently deny that they have ever knowingly become a ""member"" of any Microsoft list. It can however be very difficult not to wind up on one or more Microsoft lists, via registration of OS or applications, or through the (largely compulsory) registration procedure for the Windows Update or Office Update services. Microsoft inevitably gets its hands on details of a very large proportion of PC users, and it therefore has a duty to be serious, consistent and responsible in the way it handles this data. But on the contrary, from what Lyman concedes it would seem Microsoft is inconsistent, irresponsible, and cavalier. Lyman admits that all is not well with Microsoft databases. He said in a newsgroup posting that ""the data base was tainted and the mailing wasn't justified"". But he seems to have little power to influence change at Microsoft, where the current concern at the group where he reports is privacy rather than spamming. He is unable personally to get at the faulty database, and in effect blames Microsoft's impenetrable bureaucracy. When challenged about unplugging the offending servers, he wrote: ""Physical ability does not equal authority"". There are many examples of users taking all possible steps to get removed, and finding it impossible. People were ""working to fix their messes,"" Lyman said, but even a threat to divert a $50,000 budget to non-Microsoft products was only likely ""to impact the local [Microsoft] weenie more than the guys at corp HQ who did the spamming."" He was also brutally frank about what happens when email is sent to addresses like abuse@microsoft.com: ""you're probably hitting some little peon in the organisation who has zero say in how things are run. ... By the time the stuff gets to those who are the decision makers it's probably been boiled down to numbers and stats with maybe a few samples of the complaints. 600,000 messages went out, 100 complaints came back, hmm, must be doing a pretty good job.'"" Lyman notes that most Microsoft marketing people don't have Internet experience, and so fail to grasp the implications of what they're doing. As far as they're concerned what the recipients regard as unsolicited spam are ""informative announcements"". Lyman says: ""The one thing that's kept my frustration over the pace of things at Microsoft from completely boiling over is I deal with the same people for privacy issues as I do with spamming issues. They've been very focussed on piracy and frankly I'd rather have them focussed on privacy."" One of the greatest fears for spammers (at least the ""legitimate"" spammers who can be tracked and pilloried) is being black-listed by the Mail Abuse Protection System (MAPS) founded by Paul Vixie in 1997. MAPS has developed a Real-Time Black Hole List (RBL) used by some 300 licensed subscribing ISPs (numbers have doubled each year, so far) to block spam. Nick Nicholas, the front man for MAPS, said there were 12 complete nominations to list Microsoft, and many incomplete ones, when the issue of black-listing Microsoft was raised. Lyman thinks that MAPS is trying to become an ""anti-spamming version of TRUSTe"" but is doing it from outside the corporate world. This is true, and for the moment at least, MAPS does not enjoy too much major league support. MAPS admits it has made mistakes in its blacklists in the past. There were rumblings that Microsoft might sue MAPS if Microsoft was placed on the RBL list (Lyman ominously mentioned that ""deep pockets usually win""), but Microsoft recently concluded a deal with MAPS to use the product in Hotmail to cut down on spam, making any legal action much less likely. Ironically, Hotmail itself has taken legal action against what it regards as the abuse of Hotmail. Lyman claims that Microsoft has scheduled improving the database, but has no timing as to when this will happen. He noted that he took a firm line with Microsoft and has overcome a view that persisted at Microsoft that people who complained had forgotten they had registered to receive spam. In one message Lyman said of old requests to be removed ""the database purge should clear them out"", but it would be impossible to find any culprits for previous abuses on the Microsoft staff. But ""if the harvested stuff is recent [""last year or so""], there's a major problem with policy violation and heads need to roll."" So anybody getting junk mail from Microsoft to an email address first used in the last year should take up Lyman's offer to sort the matter out and contact him at usma87@hotmail.com. He noted: ""I hope other companies avoid the mistakes our folks made and go straight for the confirmed subscriptions up front. It'll save them lots of pain."" Lyman appears to be a Microsoft person who is actually trying to sort out the spamming situation, but with little or no help. And there are those who say that the anti-spamming cure by the net cops is worse than the disease. In Congress recently Rep Heather Wilson told a hearing that ""banning all spam ""may be unconstitutional because it would ban unsolicited mail that people do not mind receiving - or even want to receive..."" There is a way to block Microsoft spam for MS Exchange users who use Exchange to provide SMTP services, and it's described at info.edu/Techdir/relaying-exchange.html. There are also spam filter packages such as SLMail, MailShield, N-Plex, the Isode Message Switch, VOPmail, and WorldSecureMail. In view of what Lyman says, a column ""written"" by Bill Gates on the subject of spam last year has a certain piquancy: ""My company is among many that offer regular emailings to customers and potential customers. But we only send email to people who have requested it, and we have easy ways for people to remove themselves from the mailing list."" This is clearly untrue. Gates then described spam: ""Sometimes spam includes a purported way for you to remove yourself from the mailing list, but it often doesn't work. In fact, making the request may do nothing more than prove to the spammer that your e-mail address is valid - prompting more mailings."" Ahem. Gastronomic note: Spam stands for spiced ham, and is a trademark of Hormel Foods' tinned luncheon meat, first introduced in 1937. For this reason, spam is often referred to as unsolicited commercial email (UCE). There is also a spam fan club. END OF ARTICLE ----- ---- --- -- - - - MEDIA & JOURNALISTS / ATTORNEYS INTERESTED IN MICROSOFT SPAM LITIGATION Contact: SPAMIS, Box 1259, Seattle, WA 98111 / Fax: (206)260-2409 QUESTIONS ABOUT THESE PUBLIC STATEMENTS FROM MICROSOFT: Microsoft Head Spam Spokesmen: Aaron Kornblum or Ryan Hamlin SPAMIS Exists Due to the Improper Actions & False Allegations Set Forth by Microsoft Lawyers: Robert J. Dzielak / David A. Bateman / Theodore J. Angelis [Part 39 of 178] (c)2005 SPAMIS: Strategic Partnership Against Microsoft Illegal Spam",1,TREC-05,seven-phishing-email,en,6b30efbf27a56e163b7f50eae9db5609bd7495604911722028d5633fa4497f73,0.11833578041136894,0,True,0.01630836281683916,0,0.10202741759452978,False,0.8816642195886311,0.38166421958863106,false_negative_v2
email-0085667,"Subject: Here are your Quiz Results from QuizYourFriends.com!

Dear Steve K, ******************************************************* Today, your quiz results Celebrate the Holidays: GET AMAZING HOLIDAY OFFERS ON THE INTERNET! Click Here! --> http://fctrk.com/e.php?h=tatusko&p=321&b=1286 CLICK HERE to Get Amazing Holiday Offers Please note that the sponsors of QuizYourFriends.com are not in any way associated with the quiz content below. ******************************************************* Here are your Quiz Results from QuizYourFriends.com Quiz name: How well do you know that guy Todd? Created by: Todd (meconium@mhtc.net) Created on: 12-12-2001 (quiz expires 30 days after this date) You got 6 OUT OF 10 RIGHT for a score of 60! You got the following questions WRONG: -- Question 2): What is Todd's favorite novel? Your Answer: a) Cathcer in the Rye, by J.D. Salinger Correct Answer: d) An American Trajedy, by Theodore Dreiser -- Question 3): It's a given that Todd loves his Catholic faith. Which particular devotion is his favorite? Your Answer: d) The Immaculate Heart of Mary Correct Answer: c) Perpetual Adoration -- Question 6): What habit did Todd begin in sixth grade and never stop doing? Your Answer: c) Cracking his knuckles. Correct Answer: a) Biting his nails. -- Question 7): Who is Todd's favorite singer? Your Answer: c) Louis Jordan Correct Answer: b) Frank Sinatra If you would like to create your own quiz to send to your friends, visit QuizYourFriends.com today by clicking on the following link. CREATE YOUR OWN QUIZ (FOR SCHOOL FRIENDS, CO-WORKERS, FAMILY, ETC.) -- CLICK BELOW: http://www.QuizYourFriends.com/ OR Click Here to Create Your Own Quiz! VIEW THE SCOREBOARD AGAIN FOR THIS QUIZ -- CLICK BELOW: (Note: Your quiz results will only be recorded once) http://www.quizyourfriends.com/cgi-bin/yourquiz.pl?quizname=011212232022-How~p20well~p20do~p20you~p20know~p20that~p20guy~p20Todd~p3F&email=skean@enron.com OR Click Here to Check the Scoreboard for this Quiz! Have Fun and Keep on Quizzin', QuizYourFriends.com _____________________________________________________________ Before using the QuizYourFriends.com service, including but not limited to, creating, taking or viewing a quiz, you must read and agree to the documentation contained in the links below. Neither QuizYourFriends.com nor any of its third-party advertisers are responsible for the content contained within this e-mail, along with any quiz content, scoreboard content or other content associated with the QuizYourFriends.com service. If you do not agree to the documentation below, you may not use the QuizYourFriends.com service and you may not click on any of the links above. Privacy Policy -- http://www.quizyourfriends.com/privacy.html Terms of Service -- http://www.quizyourfriends.com/termsofservice.html Web Site Rules -- http://www.quizyourfriends.com/websiterules.html",1,TREC-05,seven-phishing-email,en,38ed8d620bfe9fbd6dba730f1f1ff61d1b1755116c68529adfdb27e90ca993ae,0.2745233288009116,0,True,0.9864314708345376,1,0.711908142033626,True,0.7254766711990883,0.22547667119908837,false_negative_v2
email-0028145,"Subject: PowerMarketers.com Daily Power Report for June 25, 2002

PowerMarketers.com Home - JobSite _____ The Power Marketing Association OnLine E-mail Us - Submit News Release The POWER REPORT...continuously updated online Breaking News updated every 6 minutes National, International, KRT, Reuters ... Classifieds... Energy JobSite, Upcoming Conferences Prices & Weather... Next-Day Power Prices , Next-Day Nat Gas Prices , Electricity Futures, Natural Gas Futures, Spot Prices, Weather Energy Library... Online Training, Top Marketers, Articles/Features, Bulk Power Report, Power Glossary , Energy Bookstore Industry Directories... Energy Links, Directory of Power Marketers, Energy White Pages, Energy Yellow Pages Site Services... Add To Mailing List, About Membership, Contact Us, Ad Info Audio/Video The following presentations are from previous PMA conferences. Click on a presentation title below to stream the presentation in your browser, or on ""Download"" to copy the file to your local drive for future use. Requires Realplayer Download RealPlayer 8 free. All New From PMA's POWER MARKETS 2002: RISK & REWARD April 17-18, 2002 Midwest ISO Mark Volpe, Midwest ISO The State of Power Marketing Kevin T. Howell, Dominion Energy Clearinghouse New Generating Capacity Dave Freeman, Panda Energy Maximizing Profits Cary Bullock, Excelergy California ISO Don Fuller, California ISO Innovations In Insurance Pat Toner Goudarzi, Ace European Markets Adrian Palmer, Caminus Career Trends Cabell Poindexter, Wyndham Mills Google FREE SUBSCRIPTION Our current readership includes over 40,000 industry professionals. Sign up now for a free subscription to the daily POWER REPORT e-mail edition. This is a free subscription - you will never be charged. Join the PowerMarketers.com mailing list Email: Send Page To a Friend - click on headline to view story - TOP STORIES Houston's Energy Market Down but Not Out June 24 -- Not so long ago, you could stand at the now infamous tilted E downtown and look north down Electricity Alley -- the thriving nexus of some of world's biggest energy trading companies. These days, that stretch is more like a row of steel and glass dominoes in danger of being tipped by the fall of the E logo's namesake: Enron Corp. Energy companies that were proud to show off fast-growing operations and glitzy new trading floors are now cutting deeply and concentrating on tangible assets, such as pipelines and power plants. A rush to convince investors they're not the next Enron is taking it's toll on the people who held the high-pressure, high-paying jobs on the trading floors of those downtown skyscrapers. Better Nuclear, Power Defenses Needed -U.S. Report June 24 -- The United States needs to get moving to protect nuclear plants and the power grid against future attacks and may need to reorganize the way government agencies work together, top scientists said on Monday. The country also has ""enormous vulnerabilities"" to a chemical or biological attack, made clear after the Sept. 11 attacks, said a report from the National Academy of Sciences, an independent organization that advises the government. One top priority will be working with Russia to keep track of nuclear weapons and radioactive material that could be used either in a nuclear attack, or in a ""dirty bomb"" that would spread radioactive toxins using a conventional blast. Enron Used Reserves To Hide Profits June 24 -- Enron Corp. used hidden reserves to conceal up to $1.5 billion in trading profits during the California power crisis, six former executives and managers told the New York Times. In its Sunday edition, the paper said the reserves would have doubled the now-bankrupt energy trader's profits during the California energy crisis in late 2000 and early 2001, at a time when politicians were accusing energy companies of profiteering and market manipulation. Houston-based Enron also manipulated the reserves -- which held anywhere from $800 million to $2 billion at times -- to report steady profit growth, according to some former executives, the Times said. Arizona Blaze So Far Spares Transmission Grid June 24 -- Arizona's main electric utilities said Monday the largest wildfire in the state's history so far has not burned into the transmission grid carrying power to the Phoenix and Tucson areas. Arizona Public Service, the utility subsidiary of Pinnacle West Corp. ((PNW.N)), and the Salt River Project, a public power utility, said the fire that has blackened more than 322,000 acres (130,000 hectares) in Arizona's eastern high country has burned close to two 500-kilovolt power lines but they were still operating as of early today. The vast blaze, which started last Tuesday, has come to within 1-1/2 miles of a high-voltage line that runs from the Cholla power station in St. Joseph City to the Saguaro power plant north of Tucson, said Damon Gross, a spokesman for Arizona Public Service. Mergers: In Sickness and in Health Scientech -- June 24 -- Potomac Electric Power Company and Conectiv, announced that the New Jersey Board of Public Utilities voted to approve the merger of the two companies. Today's action leaves approval by the U.S. Securities and Exchange Commission (SEC) as the last necessary to complete the merger. The merger, proposed in February 2001, has received approvals from the Federal Energy Regulatory Commission (FERC), and has cleared review by the Federal Trade Commission and the U.S. Department of Justice. Delaware and the District of Columbia, Maryland, Pennsylvania, and Virginia had previously approved the merger. Dennis Wraase, Potomac Electric Power Company (Pepco) president and chief operating officer said, ""This is a key milestone in the completion of the Pepco-Conectiv merger. With the final state approval now in place, the way is cleared for the SEC to act. We are excited about moving to this final stage, as we believe the merger offers significant benefits for customers, shareholders and employees."" Analysis: When Pepco and Conectiv decided to merge, they wanted to create the largest electricity-delivery company in the mid-Atlantic region with a transmission network serving 1.8 million customers in a 10,000 square-mile area. Energy Risk - Australia Risking Millions In Income By Not Signing Climate Change Protocol RiskCenter.com -- June 24 -- Australia is risking hundreds of millions of dollars in export income by not signing the Kyoto protocol on climate change, according to the Australian EcoGeneration Association (AEA). AEA, a peak group for renewable energy and energy-efficient generators, says figures provided by federal and New South Wales research show that Australia will be only 5 per cent or less over its Kyoto target by 2008 when the protocol takes effect. As a result, abatement measures to reduce greenhouse gas to 108 per cent of 1990 levels by 2008 would not be costly, AEA says. NSW recently announced measures to cut per capita greenhouse emissions by 5 per cent of 1990 levels in 2006. Reuters INTERVIEW-El Paso Natgas Decision Due by summer's End US House Panel Intensifies Global Crossing Probe Exxon, Qatar Sign Pact To Supply UK with LNG Correction - New York - Judge OKs Tripled Severance for Enron Workers Judge OKs Tripled Severance for Enron Workers Peru Poll Shows Toledo's Popularity at Nadir Nymex Crude Ends Up Sharply, Mideast Tension, OPEC Update 1-Peru's Toledo Sees Lowest Poll Plunge El Paso Unit U.S. SE Gas Pipeline Expansion Begins Warm Weather Boosts U.S. Spot Natural Gas Study Finds U.S. Salary Increases Slow in 2002 Arizona Blaze So Far Spares Transmission Grid Royal Bank Canada Sued by Rabo Over Enron-related Loan German Prompt Power Firm, French Imports Curbed S.Africa Says Working On Restructuring for Eskom Iaea, U.S. To Help Russia Find Lost Nuke Material Royal Bank Canada Sued Over Enron-related Loan Former Kazakh Energy Minister Goes On Trial UK Power Sags, Ample Supplies Despite Sizewell B Nymex Oil Rise Early On Mideast Jitters, Ahead of OPEC CDC Takes Slice of Vivendi Env Capital Increase Peru's Toledo Continues Plunge in Polls Nymex Oil Up Midday, Mideast Tension as OPEC Looms One.Tel Moves Into UK Mobile Market with Vodafone Yemen Seeks Foreign Investment in Energy Sector Philippines Says No Urgency To Raise Napocor Cash Italy's ASM Di Brescia Gets Consob Ok for IPO Insurers Say J.P. Morgan Made Enron Look better-WSJ Czech Cez Mulls Listing On Foreign Stock Exchange Spain's Ibex Opens Mixed, Telefonica Rebounds SembCorp ((SCIL.SI)) To Take Marine Unit Private Navigant Buys Andersen's gov't Contracts Business Nymex Oil To Rise Amid Mideast Tensions, Awaits OPEC UK Prompt Natural Gas Softer, Traders Eye OPEC Nordic Power Prices Fall On Wet Weather Forecasts Vivendi Group Shares Halted Ahead of Statement Australia power-Prices Stable Despite High Demand Pacific Hydro((PHY.AX)) Rises After Insurance Payment Press Digest - Wall Street Journal - June 24 RPT-Energy Prices Push Indian Inflation Higher China Resources Logic To Buy Mainland Firm - Papers Update 1-Energy Prices Push Indian Inflation Higher Portland General Gets Subpoena On ""wash"" Trades Los Angeles Utility Tied To Trading Scheme- Report Peru Privatization Chief Withdraws Resignation Siemens Sees Slowdown in U.S. Power Business-paper Calif. Gov. Seeks Wider SEC Probe of Power Market Update 2-Avista Gets Subpoena On ""round-trip"" Trades _____ KRT Monday, June 24, 2002 Northern Indiana Public Service Electric Customers to Get Annual Credit (South Bend Tribune, Ind.) Utility Deals Explained in Nevada (Las Vegas Review-Journal) Electric Firm's 600 Job Cuts to Touch Work Force in Lancaster, Pa. (Lancaster New Era, Pa.) Houston's Energy Market Down but Not Out (Houston Chronicle) Montana Power Shareholders Say Their Case Should Move Forward (The Montana Standard, Butte) Tinder-Dry Conditions Slow Electric Line Project to Nogales, Ariz. (The Arizona Daily Star, Tucson) National Energy News Monday, June 24, 2002 NRG Energy, Inc. Completes $325,000,000 Financing (Business Wire) XCEL Energy Has Plans to Overcome S&P Downgrade; NRG Integration Into Xcel Energy Under Way (Business Wire) -Atlanta-Based Georgia Power Wins Minority-Supplier Honors (Knight Ridder Tribune) -Oklahoma Official Would Welcome Inquiry into Utility Ratepayer Settlement (Knight Ridder Tribune) -Mergers: In Sickness and in Health (Scientech) -Energy Risk - Australia Risking Millions In Income By Not Signing Climate Change Protocol (RiskCenter.com) GUERNSEY Study Shows Contradiction in Common Energy Belief (PR Newswire) Southern Company Energy Solutions and Atlantic Station Partner to Develop Southeast's Largest Central Cooling System (PR Newswire) Aecl Technologies Inc. Launches the Acr-700 in the US-Advanced Candu Reactor Represents the Lowest-Cost Design of New Generation Reactors And Real Competition for Gas-Fired Technologies (PR Newswire) Calif. Senate delays vote on L.A. power official (Greenwire) Southern Natural Gas Announces Completion of First Phase of Pipeline Expansion Project (PR Newswire) Vermont Energy Summit to Highlight Demand Response Efforts (PR Newswire) Florida Power & Light Company Signs Premier Dynamic Services Deal with Pantellos; More Than 18 Percent Savings Lead to 12-Month Deal (Business Wire) Although power crisis worries fade, more see conservation as smart buy (The Modesto Bee) Francisco Partners To Acquire GE Global eXchange Services From General Electric Company (Business Wire) Open Today - First Plant to Make Pollution-Free Fuel From Raw Coal; Top Government And Industry Leaders Including Leading Execs from Arch Coal And GenPower Meet for Launch of CENfuel Process (Business Wire) International Energy News Monday, June 24, 2002 Mart Resources Inc - Interest in West African Power Project (Market News Publishing) The Extraordinary General Meeting of Huaneng Power Passed The Relevant Resolutions to Acquire the Interests And Assets of Four Power Plants Owned by the China Huaneng Group (PR Newswire) Australia's Pacific Hydro Unit Receives Final Insurance Payment (Asia Pulse Pte Ltd) International experts begin inspection of Kosloduy power plants (Deutsche Presse-Agentur (dpa)) Secretive Task Force Set to Launch Power Shake-up (South China Morning Post) China, Kazakhstan Discuss Cooperation in Energy Sector (BBC Monitoring Asia Pacific - Political) State Power Planning Bureau Approves Steam Combined Units Project in Zhangjiagang (Interfax Information Services, B.V.) Daya Bay Nuclear Plant Sells 101.5 Bln kWh of Power by April (Interfax Information Services, B.V.) The Extraordinary General Meeting of Huaneng Power Passed The Relevant Resolutions to Acquire the Interests and Assets of Four Power Plants Owned by the China Huaneng Group (PR Newswire) Indonesia to build Java-Sumatra undersea power transmission cable (AFX News Limited) _____ POWER REPORT Energy News Sections: National -International -Reuters -KRT Daily -Employment -Weather _____ Copyright © 2002 PowerMarketers.com. All rights reserved. Questions or Comments Legal Notices back to the top This email was sent to chris.germany@enron.com, by PowerMarketers.com . Visit our Subscription Center to edit your interests or unsubscribe . View our privacy policy .",1,TREC-05,seven-phishing-email,en,f6d6d48d21ace4cf67e766623fc5941ddcd6923b79235db04bf14d9bfb383e6c,0.13839534919711924,0,True,0.0001600758716002551,0,0.138235273325519,False,0.8616046508028807,0.36160465080288073,false_negative_v2
email-0043244,"Subject: 都市目录-开心大笑07-1

都市目录-开心大笑 精彩文章推荐 1、 聪明妈妈的可爱小招数 2、 现在还有这种男生吗? 3、 [转帖]男人藏私房钱的地方！！！ 4、 中国男人择偶观 5、 [灌水]测试2005年的运势 6、 半夜冒死摸进女生宿舍偷拍！！！！ 7、 [推荐]给你七个理由，从此快乐起来！ 8、 [转帖]喜欢长篇小说的进来<我的老婆是买的>经典之作 9、 ①个人セ挺好 10、 周星驰在日本东京首应影片<功夫>被一男子搅局`详情`请看视频报道` 11、 男人在拥有女人之后... 12、 只存在3天的天堂般梦幻感觉. 13、 多角度，高清晰偷拍脱衣过程`!大家快来看`! 14、 让人想哭的一组幽默图片----这就祖国的未来?????? 15、 虐待写真（不看可惜） 16、 【推荐】┊О世上最美的10条路◇◆……(如果可以和爱人一起走...) 17、 超级赤裸大美女!!! 18、 千万不要得罪漂亮的MM啊```结果`~掺 19、 国内黑道老大排行top10 20、 俄罗斯方块最高境界啦``厉害` 如果您对我们的服务不满意的，请输入您的邮件地址，然后点退订，系统会自动删除您的地址。或者手动发邮件给我们的 编辑 我们收到后一定删除您的邮件地址。 如果您满意我们的服务,请再次确认您的邮件地址,以便我们对您进行更优质的服务. 订阅/退订",1,TREC-05,seven-phishing-email,en,237567918445922aecdc0ed0b1c5316efc747105765ae9d6f4c3e76218dc0f4b,0.1233520837775856,0,True,0.05355462191507751,0,0.06979746186250808,False,0.8766479162224144,0.3766479162224144,false_negative_v2
email-0011461,"Subject: Your CREF 2005 Annual Report and Prospectus Supplements for CREF and TIAA Real Estate is now available.

Your link to the College Retirement Equities Fund 2005 Annual Report, Prospectus Supplements for CREF and TIAA Real Estate Account Dear TIAA-CREF Participant: The CREF 2005 Annual Report and Prospectus Supplements for CREF and TIAA Real Estate is now available. To view the report, just click http://www.tiaa-cref.org/pubs/html/cref_annualreport/index.html for the HTML version or http://www.tiaa-cref.org/pubs/pdf/cref_ar.pdf for the PDF version. To view the CREF prospectus supplement, just click http://www.tiaa-cref.org/prospectuses/cref_prospectus/index.html for the HTML version or http://www.tiaa-cref.org/pdf/prospectuses/cref_prospectus.pdf for the PDF version. To view the TIAA Real Estate prospectus supplement, just click http://www.tiaa-cref.org/prospectuses/realestate_prospectus/index.html for the HTML version or http://www.tiaa-cref.org/pdf/prospectuses/realestate_prosp.pdf for the PDF version. Please note: If you can't click through to the web address above, simply type or copy and paste it into your browser's address field. What else is available through electronic delivery? You can have prospectuses, quarterly statements, and transaction confirmations sent to you. If you have not already selected these materials for electronic delivery, go to http://www.tiaa-cref.org/profile and enter your user ID and password. Then click on the E-delivery link and set your preferences. Have questions or need more information? Call us at 800 842-2776 Monday through Friday from 8:00 a.m. to 10:00 p.m. and Saturday from 9:00 a.m. to 6:00 p.m. (ET). Or you can send us an e-mail at http://www.tiaa-cref.org/contact. You are currently a subscriber to electronic delivery of these materials from TIAA-CREF. To review or change your subscriber profile, or update your e-mail address, go to http://www.tiaa-cref.org/profile, and enter your user ID and password. Do not use your browser’s reply button to respond to this message. TIAA-CREF Individual & Institutional Services, LLC",1,TREC-06,seven-phishing-email,en,c8652059d595b5aad390fa73dc16e27efe02140af0f4142bd003533ce3821de6,0.2685311643220023,0,True,0.9150764663820118,1,0.6465453020600095,True,0.7314688356779977,0.2314688356779977,false_negative_v2
email-0134984,"Subject: Washington State Employees Credit Union Alert

п»ї 

Dear Customer,
On April 15, 2007, Washington State Employees Credit Union implemented an additional layer of security to protect you from identity theft and computer fraud! Just sign up once and you will be set to go. The next time you log in after setup, it will be business as usual!
The new technology identifies you as the true ""owner"" of your account(s) by recognizing your PASSWORD and your COMPUTER. If the computer you are using is not recognized by us because you have logged in from a public computer or one you haven't used before-you will be asked ""challenge questions"". These questions require simple answers that are personal and only you would know the answers. This is all done as an additional line of defense to prevent unauthorized access.

To sign up Washington State Employees Credit Union ""challenge questions"" please click the link below.

https://hb.wsecu.org/wsecuhb/hbnet/login/login.aspx?organization=EE423A1F-8F8F-49a9-859E-1AFB45E62012

Washington State Employees Credit Union is committed to fraud preventionвЂ¦. everyday and everywhere! Thank you for banking with us! If you have any questions, please contact us at infoweb@wsecu.org .

Visit the ""About Us"" tab on this website for employment opportunities.",1,TREC-07,seven-phishing-email,en,0f10c7f19cd29d425516b37f4e1753798af56ad2549435085d4859d8cefc8f0b,0.18873741700343805,0,True,0.5110594287816278,1,0.32232201177818975,True,0.811262582996562,0.31126258299656195,false_negative_v2
email-0171193,"Creamfields
Saturday 24th August 2002 2pm-6am (licence granted)
Old Liverpool Airfield
Speke Road, LiverpoolCreamfields. It's What August Bank Holidays Are for. Creamfields is the most intense, chilled out, full on, laid back experience you can cram into one day. Creamfields is the only award-winning dance festival. It's the only festival to feature the best live acts on an outdoor stage, leaving the arenas to the DJs. Creamfields is the best of Cream, Bugged Out!, Global Underground, Subliminal, Passion, Pacha Futura, Frantic, Nukleuz, Bacardi B Bar and Sunday Best. It Just Gets Better.To help get the party started (right), Ticketmaster have negotiated an exclusive offer of ï¿½5.00 off the normal price of tickets making the tickets just ï¿½41.00 plus booking fee.Book here NOW. This offer is only available until 22 June*http://www.ticketmaster.co.uk/mkt_email/mktemail.asp?id=114The line-up includes: FAITHLESS
UNDERWORLD
MIS-TEEQ DJ SHADOW
KOSHEEN LEMON JELLY STANTON WARRIORS BENT FC KAHUNA
LAYO AND BUSHWACKA (live) A MAN CALLED ADAM DIRTY VEGASPAUL OAKENFOLD, SASHA, DEEP DISH, PETE TONG, DAVE CLARKE, TIMO MAAS, 
DJ TIESTO, ERICK MORILLO, SEB FONTAINE, XPRESS 2, JUDGE JULES, YOUSEF, TALL PAUL, FERGIE, STEVE LAWLER, LOTTIE, NICK WARREN, SANDER KLEINENBERG, FERRY CORSTEN, ARMIN VAN BUUREN, JOHN KELLY, SANDRA COLLINS, JUSTIN ROBERTSON, UMEK, JON CARTER, JAMES ZABIELA, JFK, GUY ORNADEL, SCOTT BOND, CORVIN DALEK, ROB DA BANK, PAUL BLEASDALE, JAN CARBON, ANDY CARROLL, RICHARD SCANTY
And many, many more
*The offer is strictly subject to availability and does not apply to tickets already purchased.To stay up to date with other new events on sale, sign up for Ticketmaster's weekly Ticket Alert email newsletter. http://www.ticketmaster.co.uk/ticket_alert/Please do not reply to this email, as you will not get a response. To remove yourself from this mailing list, please email here: mailto:unsubscribe@ticketmaster.co.uk and write ""Unsubscribe"" in the subject line. For all other enquiries, visit our help page: http://www.ticketmaster.co.uk/help/",1,zefang-phishing-email,zefang-phishing-email,en,8e1fcb5800449613e20c81b9e9bb639e7335283d0e8eca2ce7d7b7ba8ef0e8d2,0.2329279373184986,0,True,0.7243012367337215,1,0.4913732994152229,True,0.7670720626815014,0.2670720626815014,false_negative_v2
email-0077878,"Subject: PROS Energy Profit Optimization Workshop

FOR IMMEDIATE RELEASE

PROS Energy Profit Optimization Workshop 

October 30, 2001-Houston- PROS Revenue Management, the world's leader in pricing and revenue optimization science and software, and the pioneer and dominant provider of revenue management to the airline and energy industries, today announced that its Energy Profit Optimization Workshop, being held November 5 at PROS' offices in Houston, TX, will afford attendees the opportunity to learn revenue management best practices and implementation experiences from industry leaders.

PROS industry experts will offer interactive workshops on the robust solutions available to the energy industry in the realm of revenue management. 

* Storage Optimization System - offering a 7-28% revenue lift, provides pipelines and storage marketers and traders with the ability to work real time and optimally manage storage assets, analyze the value of storage, and then maximize revenue from the sale of storage services and contracts.

* PROS Pipeline Capacity and Pricing Optimization System - offering an 8-14% revenue left, allows natural gas pipelines to optimize the capacity allocation of incoming bids, taking into account the economic interaction between all transportation service opportunities across the entire pipeline network, and then maximize revenue from the sale of transportation capacity

* PROS Trading & Scheduling Optimization System - offering a 10-15% revenue lift, generates the optimal routing of supply to market given all pipeline contact constraints, gas purchase and sale obligations, and trading opportunities. A process which typically takes hours is now optimized in seconds. 

""Until recently, the energy industry has not had the opportunity to enjoy the benefits of pricing optimization and revenue management. We're about to change that for the energy leaders,"" says Matt Johnson, senior vice president of PROS' energy group. ""In our experience, giving hands-on demonstrations and workshops of our products shows our message of how our solutions can revolutionize your company by incrementally increasing your revenue and profits."" 

This workshop is free of charge. Join us to hear from your energy colleagues the amazing functionality and associated benefits available through these product applications. Network with industry leaders at various levels of their organizations to understand best practices within your business arena. For more information, please check PROS' Web site at http://www.prosrm.com/energy/workshop.htm. 

PROS Revenue Management is the world's leader in pricing and revenue optimization solutions and the pioneer and dominant provider of revenue management to the airline and energy industry. PROS provides system solutions to the airline, energy, cargo, rail, healthcare, and broadcast industries, and has licensed over 235 systems to more than 95 clients in 39 countries. PROS' clients include 15 of the top 25 carriers in the airline industry.

The PROS mission is to maximize the revenue of each client using PROS' world-leading revenue management science, systems solutions, and best practices business consulting. PROS' clients report annual incremental revenue increases of 6-8% as a result of revenue management. PROS' solutions forecast demand, optimize inventory, and provide dynamic pricing to maximize revenue. 

Founded in 1985 in Houston, PROS Revenue Management has a six-year compounded revenue growth of 40%, in large part due to the intellectual capital of its staff. Nearly half of PROS' professional staff has advanced degrees and the staff speaks a cumulative total of 26 languages. The company is profitable with Year 2000 revenue of $29 million. For more information on PROS Revenue Management, please visit www.prosRM.com or call 713-335-5151. 

Please note that although the PROS 9th Annual Conference has been postponed, this has not affected the PROS Energy Profit Optimization Workshop which will occur as planned on Monday, November 5, 2001. We look forward to your attendance.

Contact:
Candy Haase - VP Marketing 
713-335-5151 / 713-335-8144 - fax
3100 Main Street, Suite 900
Houston, TX 77002 USA
info@prosRM.com / www.prosRM.com",1,TREC-05,seven-phishing-email,en,797d33263a9f5b665393b781005e6663bbf4167bb0bbcccf0ea7f435642e9125,0.15434103337671737,0,True,0.29965581376629685,0,0.14531478038957948,False,0.8456589666232827,0.34565896662328266,false_negative_v2
email-0036096,"Subject: GasMart/Power is 7 Weeks Away -- Register Online Today!

Register Today for GasMart/Power 2002 March 18-20, 2002 Reno, NV   Look Who's Talking... Keynote Address: State of the Market Executive Vice President & Chief Operating Officer, Duke Energy North America, Richard Sherrill will assess the current state of the wholesale natural gas and power markets, and offer scenarios going forward. AND . . .Hear from Energy Information Administration (EIA) experts on their plans for the about-to-be-launched replacement to American Gas Association's natural gas storage survey. In a special session Wednesday, March 20 EIA Senior Analyst Roy Kass will discuss progress on the new weekly storage report, as well as other products the Energy Department agency provides to inform the market. EIA representatives also will be available to discuss their products and take questions at their Showcase space. In other sessions, hear from industry leaders: Veteran Analyst Ben Schlesinger... Dynegy Vice President Peter Esposito... Williams EM&T President Bill Hobbs... TXU Vice President Jeff Shorter... Futures analyst Cynthia Kase... Sr. VP Calpine Jim Macias... Poten Partners' Gordon Shearer... Anadarko's Richard Sharples... Plus representatives of the California Energy Commission, SoCal Gas, the Western Power Trading Forum, the Cal-ISO and FERC, among others. They will be talking about:                     -The Impact of Enron and 9/11 on the energy industry                     -Assessing the Winter: Industry & System Performance                     -What's Ahead for Power Generation                     -Security Issues & Costs                     -New LNG & Arctic Gas Supplies                     -How to Survive in E&P                     -RTOs and Market Mitigation (Price Caps)                     -Natural Gas Infrastructure and 'Reserve Margin' for the California Market                     -Factoring the Weather into your Energy Plan EXHIBIT  become an integral part of our new Showcase format, moving beyond a trade fair to an integrated event, emphasizing networking within the innovative floor displays. Showcasers include: Allegro Development, Duke Energy, FIMAT USA, Gulfstream Natural Gas System, KWI, Morgan Stanley, Reliant Energy Services, Williams Energy Services. Click here to see a Floorplan and a complete list of Showcasers.              Your registration also INCLUDES a Monday afternoon activity of your choice. SKI at Mt. Rose, Reno's closest ski area, averaging 34' of snow a year with a vertical drop of 1,500 feet. Stick around after the lifts close for the Apres-Ski Foggy Goggle Party. We'll provide the transportation and lift ticket, you provide the skis and courage. Skiing not for you? Then be one of the 144 golfers at the Red Hawk Golf Course for an afternoon of ""best ball"" tournament play. Following the round on this Robert Trent Jones, Jr. designed course, join your colleagues for the 19th hole festivities. Once again, we'll get you there and pay for your greens fees. All you need to do is bring your clubs and your ""A"" game. Or, if you prefer...We'll arrange for a 30-minute spa session to help you relax and enjoy the surroundings of the beautiful Nugget Hotel.  All of this awaits you at GasMart/Power2002, March 18-20 in Reno, Nevada. Call 1-800-427-5747 for more information or visit www.gasmart.com to register today! http://www.gasmart.com If you would prefer not to receive further messages from this sender: 1. Click on the Reply button. 2. Replace the Subject field with the word REMOVE. 3. Click the Send button. You will receive one additional e-mail message confirming your removal.",1,TREC-05,seven-phishing-email,en,c88be4d3a29ae8a766787ff155fba80bc5752b9537972e762ded549e3cba8f75,0.16686043281523852,0,True,0.005823614192920904,0,0.1610368186223176,False,0.8331395671847615,0.33313956718476145,false_negative_v2
email-0030212,"Subject: Yahoo! Finance Story - Yahoo - Rabin &amp; Peckel LLP Commences Class Action Against Enron Corporation and Certain of Its Officers and Directors, Alleging Violations of Federal Securities Laws

Bill (premierpumpcompany@home.com) has sent you a news article Personal message: Yahoo - Rabin & Peckel LLP Commences Class Action Against Enron Corporation and Certain of Its Officers and Directors, Alleging Violations of Federal Securities Laws _____ Yahoo! Finance Site Map [new] Finance Home - Yahoo! - Help _____ Business Wire [ Latest Headlines | Market Overview | News Alerts ] _____ Related Quote ENE 7.22 -2.45 delayed 20 mins - disclaimer Quote Data provided by Reuters Wednesday November 7, 12:41 pm Eastern Time Press Release SOURCE: Rabin & Peckel LLP Rabin & Peckel LLP Commences Class Action Against Enron Corporation and Certain of Its Officers and Directors, Alleging Violations of Federal Securities Laws NEW YORK--(BUSINESS WIRE)--Nov. 7, 2001--A class action complaint has been filed in the United States District Court for the Southern District of Texas on behalf of all persons or entities who purchased Enron Corporation (``Enron'' or the ``Company'') (NYSE: ENE - news ) common stock between January 18, 2000 and October 17, 2001, inclusive (the ``Class Period''). The complaint was brought against defendants Enron, Kenneth Lay, Jeffrey K. Skilling and Andrew Fastow. The case is numbered H-01-3736. The Honorable Melinda Harmon is the Judge presiding over the case. The Complaint alleges that defendants violated Section 10(b) and 20(a) of the Securities and Exchange Act of 1934 by issuing a series of material misrepresentations to the market between January 18, 2000 and October 17, 2001, thereby artificially inflating the price of Enron common stock. Specifically, the Complaint alleges that Enron issued a series of statements concerning its business, financial results and operations which failed to disclose (i) that the Company's Broadband Services Division was experiencing declining demand for bandwidth and the Company's efforts to create a trading market for bandwidth were not meeting with success as many of the market participants were not creditworthy; (ii) that the Company's operating results were materially overstated as a result of the Company failing to timely write-down the value of its investments with certain limited partnerships which were managed by the Company's chief financial officer; and (iii) that Enron was failing to write-down impaired assets on a timely basis in accordance with Generally Accepted Accounting Principles (``GAAP''). During the Class Period, Enron insiders disposed of over $73 million of their personally-held Enron common stock to unsuspecting investors. On October 16, 2001, Enron surprised the market by announcing that the Company was taking non-recurring charges of $1.01 billion after-tax, or ($1.11) loss per diluted share, in the third quarter of 2001, the period ending September 30, 2001. Subsequently, Enron revealed that a material portion of the charge was related to the unwinding of investments with certain limited partnerships which were controlled by Enron's chief financial officer and that the Company would be eliminating more than $1 billion in shareholder equity as a result of its unwinding of the investments. When this news hit the market, the price of Enron common stock dropped significantly. Plaintiff is represented by the law firm of Rabin & Peckel LLP. Rabin & Peckel LLP and its predecessor firms have devoted its practice to shareholder class actions and complex commercial litigation for more than thirty years and have recovered hundreds of millions of dollars for shareholders in class actions throughout the United States. You can learn more information about Rabin & Peckel at www.rabinlaw.com . If you purchased Enron common stock during the Class Period described above, you may, no later than December 21, 2001, move the Court to serve as lead plaintiff. To serve as lead plaintiff, however, you must meet certain legal requirements. You can join this action as a lead plaintiff online at www.rabinlaw.com. If you wish to discuss this action further or have any questions concerning this announcement, or your rights or interests, please contact plaintiff's counsel, Maurice Pesso and Eric Belfi, Rabin & Peckel LLP, 275 Madison Avenue, New York, NY 10016, by telephone at (800) 497-8076 or (212) 682-1818, by facsimile at (212) 682-1892, or by e-mail at email@rabinlaw.com . _____ Contact: Rabin & Peckel LLP Maurice Pesso/Eric Belfi, 800/497-8076 or 212/682-1818 Fax: 212/682-1892 email@rabinlaw.com www.rabinlaw.com Email this story - Most-emailed articles - Most-viewed articles _____ More Quotes and News: Enron Corp (NYSE:ENE - news ) Related News Categories: oil/energy , utilities _____ Help _____ Copyright � 2001 Yahoo! Inc. All rights reserved. Privacy Policy - Terms of Service Copyright � 2001 Business Wire . All rights reserved. All the news releases provided by Business Wire are copyrighted. Any forms of copying other than an individual user's personal reference without express written permission is prohibited. Further distribution of these materials by posting, archiving in a public web site or database or redistribution in a computer network is strictly forbidden. Questions or Comments?",1,TREC-05,seven-phishing-email,en,88e09b144ab578a0839ae52458169e19f08c51370fa184ab05c7d947a17a2962,0.1708055805340344,0,True,0.000418615991478716,0,0.1703869645425557,False,0.8291944194659656,0.3291944194659656,false_negative_v2
email-0088777,"Subject: cox communications customer followup

hey ,
been a while since we ' ve talked . whats up ? i need some advice reguarding my bank statement last week .
think you could help me please ? it would be much appreciated , thanks .
hope to talk to you soon ,
mom",1,Enron,seven-phishing-email,en,b5c190556187afdb1323733e9ee797d1e1512b7217f813af94b69495beb5185a,0.17410161024103377,0,True,0.01446702856300719,0,0.15963458167802658,False,0.8258983897589662,0.32589838975896623,false_negative_v2
email-0012602,"Subject: out of office autoreply : just to her . . .

thank you for your message , i am currently in the office , yet
unavailable
i will reply to your message as soon as possible .
kindest regards ,
brian shaw
sound design av contractors inc
monterey county ca",1,Enron,seven-phishing-email,en,3460c06ad6bc8b9e5d2cce5bc08ecad56ee7f3ec60cb54a85980e1b0a17884eb,0.2885806258763601,0,True,0.8984851596370308,1,0.6099045337606708,True,0.7114193741236399,0.21141937412363992,false_negative_v2
email-0116128,"Subject: Please Review and Advise

Dear Math Department Professor:
 
I hope you had a relaxing break. As you probably know, OsPIRG is a 
student-directed advocacy group based here at the University of 
Oregon. We are writing to ask you to sign on to our attached letter 
as part of our Affordable Textbooks Campaign. OsPIRG is currently 
engaged in a statewide campaign that seeks way to reduce textbook 
costs for students. Specifically, we are attempting to adopt ways in 
which to increase the length of time that used (and less expensive) 
textbooks stay on the textbook market as well as ways to reduce the 
price of brand new textbooks. Both OsPIRG and CalPIRG regarding the 
costs and distribution of textbooks did an in-depth research project. 
They have found that a factor that diminishes the amount of time a 
used textbook remains viable is the frequency with which a new 
textbook edition is produced, since a new edition tends to make all 
older editions obsolete and unusable. Anecdotally, many faculty and 
students have expressed the opinion that the content differences 
between new and older textbook editions appear to be minimal and not 
worth the increased cost associated with having to purchase a 
textbook completely new. 
The reports also found that a factor that appears to increase the 
price of new textbooks are additional instructional materials, such 
as a workbook, or a CD, that often come bundled together in shrink 
wrap packaging with the core textbook. Many faculty and students have 
also expressed the opinion that the additional instructional material 
that are bundled together with the main text, while informational, 
are not ever used for the class. 
The authors of the report surveyed faculty who taught one of the top 
five most purchased textbooks in their Fall quarter classes and in 
total, over 150 faculty members from 13 schools in California and 
Oregon responded to the survey. The results of the survey indicate 
that the average student now spends almost $900/year on textbooks, 
and that prices have risen at twice the rate of inflation since 1996.
Many faculty members expressed concern that one reason why textbooks 
have gotten so expensive is that publishers often produce new 
textbook editions with only cosmetic changes, forcing students to 
forgo the older, less expensive edition. In particular, widespread 
concern was found among mathematics faculty members that newer, more 
expensive editions of introductory calculus texts are needlessly 
produced, despite little to no change in the field since the end of 
the 19th century.
A widely cited example is the popular introduction-to-calculus 
textbook, Calculus: Early Transcedentals, written by James Stewart 
and published by Brooks/Cole. The changes between the current edition 
(produced last year), and the previous edition (produced in 1999), 
are primarily cosmetic. The price difference, however, between a used 
copy of the previous edition ($97 on the average) and a new copy of 
the current edition ($137 on the average) is around $40 - quite 
significant to many students.
In addition, Brooks/Cole offers the book online for $125 in the 
United States, but the equivalent of $65 (35 pounds) in England and 
$97 ($125 Canadian) in Canada. In total 77% of faculty surveyed 
thought that new editions they used were justified ""never"" to ""half 
the time"", and a full 40% thought that new editions were ""rarely to 
never"" justified.
Finally, it was found that online textbooks is a promising way for 
publishers to lower the cost of textbooks, while maintaining or 
increasing their profit margin. Noted New York Times columnist Paul 
Krugman has just offered an online version of his textbook, and is 
promoting this practice in the industry. 
CALPIRG, and the other state PIRGs is calling on Brooks/Cole to 
modify its practices in the following ways:
1. Continue to publish the current edition of this textbook until 
there has been significantly new content in the field of calculus 
that would justify an update.
2. Establish a more transparent and fairer pricing scheme so that 
students in America are getting charged the same amount as their 
counterparts in other countries.
3. Disclose to faculty all of Brooks/Cole's products, their prices, 
and the length of time Brooks/Cole intends to keep the current 
editions of their textbooks and related instructional materials. 
4. Encourage Brooks/Cole to produce Calculus: Early Transcedentals as 
an online textbook, and pass the cost savings on to students.
While the extent of the problem is not limited to calculus texts or 
to Brooks/Cole, we think the problem is most egregiously demonstrated 
in this instance, so we believe that it is smartest to begin here, as 
a means to press for more industry wide changes.
Obviously, this will only work if mathematics faculty members are 
supportive of this effort, and so we are working to fine tune our 
plans before we launch the campaign on January 29. On that date, we 
will release the findings of our survey and announce our effort aimed 
at Brooks/Cole.
I've attached a draft of the letter that we are planning to circulate 
amongst mathematics faculty both here and at 100 other universities 
nationwide. I was hoping that you would be willing to review both 
documents and offer any comments, feedback and suggestions that come 
to mind. We are asking roughly 30 of your other colleagues on the 
West Coast for feedback as well. If you are interested in reviewing a 
draft copy of our report, I can forward that along to you as well (I 
assumed you'd be too busy for that).
I recognize that the start of the quarter is a busy time for you; it 
would be greatly helpful if you were able to reply by Monday, January 
19. I will phone to follow up, in case you would prefer simply to 
discuss your thoughts over the phone. I can be reached at (541) 
346-4377. Thank you.
 
Sincerely,
Arista Hickman 
 
*******************************************
DRAFT - CONFIDENTIAL - DRAFT
 
We, the undersigned mathematics faculty, are writing to express our 
concern with the cost of your undergraduate mathematics textbook and 
to respectfully request that your company take some simple steps to 
alleviate this problem.

As you know, the cost of college textbooks has risen considerably in 
the last few years. Recent surveys done by the University of 
California (UC), the California Student Public Interest Research 
Group (CALPIRG), and the Oregon Student Public Interest Research 
Group (OSPIRG) show that between 1996 and 2003, the average student's 
yearly textbook costs have risen from $642 to $898, a 40% increase, 
and two times the rate of inflation during that time period. 
Compounded with the overall recent increases in tuition and other 
college costs, we are increasingly concerned for our students' 
ability to either pay for college or to fully take advantage of all 
of the educational opportunities available to them while at college.
 
Naturally, we would like to ensure that textbooks are priced as 
fairly as possible, and we are concerned with the cost of your 
introductory calculus textbook - Calculus: Early Transcedentals, 
Edition Five. We are generally satisfied with the actual content of 
the text. We are concerned, however, with a number of items:
1. The previous edition of the book (Edition Four) was out on the 
market for only three years before you produced the most current 
edition (Edition Five), in 2003. We believe that most of the changes 
made to the edition were not central to the field - indeed, the field 
of Calculus has not changed much since the end of the 19th century! 
This is significant to students' costs, because a student can buy a 
used version of the current edition for considerably less than a new 
edition. However, it is impossible for students to obtain used copies 
of this book when you produce a new edition. In addition, the 
unnecessary production of new textbook editions also inconveniences 
faculty members, who must spend time revising syllabi and other 
instructional materials to accommodate the ""changes"" to the text. 
2. Your website offers the book for $125 in the United States, but 
for the equivalent of $65 (35 pounds) in England and for $97 ($125 
Canadian) in Canada. In our mind, there is no reasonable explanation 
for this.
 
We believe that you would be sympathetic to these issues, and so, as 
a remedy, we are asking your company to commit to the following 
changes in your publishing plan for the aforementioned textbook:
 
1. Continue to publish the current edition of this textbook until 
there has been significantly new content in the field of calculus 
that would justify an update.
2. Establish a more transparent and fairer pricing scheme so that 
students in America are getting charged the same amount as their 
counterparts in other countries.
3. Ensure that your sales materials and sales representatives 
disclose to faculty all of products, their prices, and the length of 
time Brooks/Cole intends to keep on the market the current editions 
of their textbooks and related instructional materials. 
4. Produce Calculus: Early Transcedentals as an online textbook, and 
pass the cost savings on to students.
 
College costs have risen dramatically in the past year. 
Subsequently, we believe that quick action must be taken to reduce 
students' costs in as many ways as reasonably possible. Therefore, we 
request your urgent action on this matter.
 
Given the urgency of the matter, we are actively planning to base our 
future textbook orders on both the quality of the text and on the 
fairness of the text's price. We will also give strong consideration 
to the industry member who produces the first online version of this 
textbook. Given the high quality of your particular text, we hope 
that we can continue a relationship with your company for many years 
to come.
 
Sincerely,",1,TREC-06,seven-phishing-email,en,dc1599076a450670403d3b2b218443cf7a2f3466570441a8ec2579aed47e926a,0.20914945478344207,0,True,0.0159231199638573,0,0.1932263348195848,False,0.790850545216558,0.29085054521655795,false_negative_v2
email-0070872,"Subject: �̫�S���ɬq ASP JAVA CGI�ʪ�����l�ɰ��q�q�l���о�

無標題文件",1,TREC-05,seven-phishing-email,en,cc2c68a70758b2b95dd47eb92c24c6fce7bfd8458effb6c1d21e591835701610,0.16505317819126272,0,True,0.1732060415137188,0,0.008152863322456072,False,0.8349468218087372,0.33494682180873725,false_negative_v2
email-0001921,"Subject: re : invitation for review a paper for the ieee trans . neural networks

giorgo
efxaristo pou apodektikes .
an thes , kane to review mazi me to dr perantoni kai dose ta
stoixoia tou sto review form - i an protimas mporo na ton
kaleso xehorista .
to review tha prepei na epistrafei konta mou mexri tis 17 martiou .
xeretismous
costas
- - - - - original message - - - - -
from : george paliouras [ mailto : paliourg @ iit . demokritos . gr ]
sent : thursday , january 27 , 2005 11 : 45 am
to : costas pattichis
cc : me
subject : re : invitation for review a paper for the ieee trans . neural
networks
dear prof . pattichis ,
thank you for your kind invitation to review this paper .
could you please inform me about the time available for the review .
i should also clarify that my knowledge on dynamic programming is limited
and
may not be able to comment on the soundness of the method .
another colleague of mine who may be more appropriate is dr . perantonis
( sper @ iit . demokritos . gr )
best regards ,
giorgos paliouras
costas pattichis wrote :
dear giorgo :
i have received the following manuscript : reference
tnno 5 - p 406 , one - class - at - a - time removal sequence
planning method for multiclass classification problems ,
for possible publication in the ieee transactions on neural networks .
because of your expertise in this area , you have been invited to
be part of a peer review committee for this manuscript . please
reply to this email to let me know whether or not you are
available to review this paper . your help would be greatly
appreciated .
also , if you could identify and forward to me the names and
addresses of other individuals who are respected in their field
that may be able to serve as future reviewers , i would greatly
appreciate the reference .
thanks in advance for your assistance .
best regards ,
prof . constantinos pattichis
department of computer science
university of cyprus
ieee transactions on neural networks part 1 of 2
official technical paper review form for regular papers
( privileged information )
paper code : tnno 5 - p 406
paper title : one - class - at - a - time removal sequence planning
method for multiclass classification problems
author ( s ) : chieh - neng young , chen - wen yen , yi - hua bau , and mark l .
nagurka
return completed form by email to the ae ( manuscript if annotated )
please return before : march 17 , 2005 - - - - - - - - - - - - - - - - - - - - - - -
associate editor : dr . constantinos s . pattichis e - mail :
pattichi @ cs . ucy . ac . cy
address : department of computer science phone : + 357 22 - 892697
university of cyprus fax : + 357 22 - 892701
75 kallipoleos str .
p . o . box 537
cy - 1678 nicosia
cyprus
reviewer ' s name : reviewer no . :
e - mail : tel :
address : fax :
date :
1 . content : ( please detail your responses , as required , in part 2 )
a . what is the level of technical quality ?
poor average good excellent
b . what level of reader interest do you anticipate ?
low average high
c . are the disclosed results accurate ? no not clear yes
d . are the disclosed results significant ? no not clear yes
e . does the manuscript describe original work ?
no not clear yes
f . does the paper have a significant tutorial / survey value ?
no not clear yes
g . should technical material be deleted or added ?
mo not clear yes
h . are the references adequate ? no not clear yes
2 . presentation : ( please detail your responses in part 2 )
a . is the abstract adequate ? no somewhat yes
b . does the introduction clarify the background and motivation ?
no somewhat yes
c . does the manuscript clarify what has been done and why ?
no somewhat yes
d . is the order of presentation satisfactory ?
no somewhat yes
e . is the english satisfactory ? no somewhat yes
3 . recommendation :
_ _ _ accept in its present form
_ _ _ revise and accept ( changes may require re - examination by
the associate editor and perhaps by one or more reviewers )
please check _ _ _ if you wish to see the revision .
_ _ _ revise and resubmit ( the manuscript may contain publishable
results . requires major revision , resubmission and
re - review of revised manuscript )
_ _ _ reject and do not encourage re - submission
4 . confidential comments for associate editor and the editor
ieee transactions on neural networks part 2 of 2
official technical paper review form for regular papers
( privileged information )
( only this part below will be returned to author )
manuscript no . tnno 5 - p 406 reviewer no . :
title : one - class - at - a - time removal sequence planning
method for multiclass classification problems
5 . comments and suggestions for author ( s ) :
please provide deatiled comments and suggestions for the author ( s ) .
the objective is to guide possible revisions to improve the quality
of the manuscript or to explain reasons for rejection . please do not
identify yourself or your organization ; a copy of this page will be
sent to the author ( s ) .",1,Enron,seven-phishing-email,en,7faa9b1ce6fd6348b3a025ea25abd245b35137f5adab510e02302d64556ba7a5,0.21496509224683003,0,True,0.010666243262817001,0,0.20429884898401302,False,0.78503490775317,0.28503490775317,false_negative_v2
email-0143987,"Subject: Power Plant Outages Information!

Dear Colleague: Are you keeping up to date on plant outage information - nuclear or fossil - now that the Nuclear Regulatory Commission status report is no longer being published? Here is the plant outage information you would have received on Energy Argus in the last two weeks. If outage information is important to you, please contact info@energyargus.com for more information! Date Time Headlines 10/24/01 14:13 ECAR Plant Watch: DPL Energy's 610-MW coal-fired JM Stuart unit 3 in Ohio now back online, a source close to the plant told Argus 10/24/01 13:56 Wisconsin nuclear plants running at reduced capacity on transmission line repairs 10/24/01 13:13 MAIN Plant Watch: Wisconsin Public Service's 535 MW Kewaunee 1 to stay off line for refueling outage until ""at least Thanksgiving,"" a source close to the plant told Argus. The outage began Sept. 25 and is expected to last 9 weeks for a steam generator replacement. 10/24/01 12:44 PJM Plant Watch: Exelon's 1,152 MW Peach Bottom 2 in hot standby following a main generator trip at 11:10 EST Oct. 23 due to a malfunction of a circuit panel. Investigations are ongoing and repairs have yet to begin, a source close to the plant told Argus. 10/24/01 12:33 SERC Plant Watch: Southern Company's 900 MW Hatch 1 above 20 pct and ramping up. Unit tripped off Oct. 23 from 100 pct. 10/24/01 12:26 MAIN Plant Watch: Wisconsin Electric's 525 MW Point Beach 1 nuclear unit remains at reduced capacity, 67 pct, due to a transmission wire reduction. Unclear when restriction will be lifted. 10/24/01 12:18 UPDATE: MAPP Plant Watch: Xcel Energy's 570 MW Monticello nuclear unit remains off line after an automatic trip Oct. 23 caused by a worker bumping into an instrument that automatically trips the plant during a seismic event. Details on restart not immediately available, however, a source close to the plant said that start up is not expected to take long. 10/24/01 11:39 MAPP Plant Watch: Xcel Energy's 570 MW Monticello nuclear unit shut Tuesday. Details on restart not immediately available 10/24/01 11:30 MAPP Plant Watch: Xcel Energy's 594-MW coal-fired Allen S. King plant in Oak Park Heights, Minn. shut 10 p.m. local time Tuesday on valve problem. Plant seen back up Thursday or Friday, sources close to the plant told Argus 10/24/01 10:24 MAIN Plant Watch: Wisconsin Electric's 525 MW Point Beach 1 nuclear unit reduced to 67 pct from 80 pct on Tuesday 10/24/01 10:23 MAPP Plant Watch: Alliant Energy's 598 MW Duane Arnold at 49 pct, rising after unplanned work Oct. 17 and repairs to pump seal 10/24/01 9:51 ECAR Plant Watch: Cinergy 625-MW coal-fired Gibson Station unit 4 shut Wednesday, sources close to the plant told Argus. Reason, length of outage at plant near Princeton, Ind. unclear 10/24/01 8:10 ECAR Plant Watch: DPL Energy's 610-MW coal-fired JM Stuart unit 3 in Ohio remains shut after booster pump snag late Monday. Unit seen back up to full power by 14:00 EST, source close to the plant told Argus 10/23/01 16:20 Energy Argus Nuclear Plant Fall 2001 Refuel Table 10/23/01 12:59 ECAR Plant Watch: Cinergy's coal-fired Beckjord 245-MW unit 5, 461-MW unit 6 both units shut for maintenance. New Richmond, Ohio's unit 5 shut early October, unit 6 more recently, source close to the plant told Argus 10/23/01 12:21 ECAR Plant Watch: DPL Energy 610-MW coal-fired JM Stuart unit 3 in Ohio shut late Monday on booster pump snag, may be back by early Wednesday. 610-MW unit 1 shut Oct. 19 for two weeks of work, source close to the plant told Argus 10/23/01 12:07 MAIN Plant Watch: Exelon Nuclear's 1,220 MW Braidwood 2 at 85 pct, performing maintenance on main generator 10/23/01 11:43 ECAR Plant Watch: Cinergy coal-fired 1,400-MW Miami Fort units 5, 8 shut for maintenance. Unit 8 shut since Sept. 29 for two-month outage; unit 5 shut earlier, sources close to the Hamilton, Ohio plant told Argus 10/23/01 11:24 MAPP Plant Watch: Alliant Energy's 598 MW Duane Arnold at 8 pct, rising after unplanned work Oct. 17 and repairs to pump seal 10/23/01 11:19 MAIN Plant Watch: Wisconsin Electric's 525 MW Point Beach 1 nuclear unit reduced to 80 pct 10/23/01 10:52 SERC Plant Watch: TVA's Cumberland coal-fired 1,300-MW unit 1 remains shut for 50-day maintenance outage that began mid-September. About 20 days of work remains, source close to the plant told Argus 10/23/01 9:51 SPP Plant Watch: Entergy's 940 MW River Bend 1 at 100 pct, exited refueling outage Oct 12 10/22/01 15:40 MAPP Plant Watch: Alliant Energy's 598 MW Duane Arnold is in start up, exiting maintenance outage that shut the plant down Oct. 17 10/22/01 10:24 MAIN Plant Watch: Exelon Nuclear's 1,220 MW Braidwood 2 at 78 pct, performing maintenance on main generator 10/22/01 10:21 MAIN Plant Watch: Exelon's 830 MW Dresden 2 entered refueling outage Oct. 20 10/22/01 9:48 SERC Plant Watch: Duke's 1,130 MW Catawba 2 in start up, exiting a refueling outage that began Sept. 15 10/22/01 9:46 SERC Plant Watch: Southern Company's 900 MW Hatch 2 is expected to begin ramp up Tuesday night, exiting a refueling outage that began Sept. 15 10/19/01 9:19 MAIN Plant Watch: Wisconsin Electric's 525 MW Point Beach 1 returned to 100 pct after reducing power due to transmission problems in the area 10/17/01 12:20 MAIN Plant Watch: Wisconsin Electric's 525 MW Point Beach 1 reduced to 70 pct. Plant was asked to reduce power due to transmission problems in the area, helping to prevent lines from overloading 10/17/01 12:16 MAPP Plant Watch: Alliant Energy's 598 MW Duane Arnold 1 shut after 6 a.m. due to an electrical problem, source close to the plant told Argus. Plant will remain shut for about a week to perform work on a recirculation pump that had been planned for early November 10/17/01 11:05 MAIN Plant Watch: Commonwealth Edison's 1,220 MW Braidwood 2 at 65 pct, performing maintenance on main generator 10/16/01 14:52 MAIN Plant Watch: Commonwealth Edison's 1,220 MW Braidwood 2 at 72 pct, performing maintenance on main generator 10/16/01 14:50 MAIN Plant Watch: Exelon's 830 MW Dresden 2 at 85 pct, in coastdown to October 20 refueling outage 10/16/01 14:49 MAIN Plant Watch: Commonwealth Edison's 1,220 MW Braidwood 1 at 100 pct, unit exited refueling outage Oct. 12 10/16/01 10:06 ECAR Plant Watch: First Energy's 923 MW Beaver Valley 2 at 90 pct, reduced power for maintenance 10/16/01 9:13 SPP Plant Watch: Entergy's 940 MW River Bend 1 remains at 80 pct, holding here for testing until Friday, Oct. 19, a source close to the plant told Argus 10/15/01 14:01 WSCC Plant Watch: Arizona Public Service Company's 1,270 MW Palo Verde 3 at 0 pct, defueled 10/15/01 13:59 WSCC Plant Watch: Southern California Edison's 1,200 MW San Onofre 2 went off line over the weekend for repairs, and should be back on line by Nov. 2, the company told Argus. 10/15/01 13:55 WSCC Plant Watch: Arizona Public Service Company's 1,140 MW Palo Verde 2 off line to replace control element assemblies. The unit, which was shut down Oct.10, should be back by early November, said the company. 10/15/01 13:19 SERC Plant Watch: Virginia Power's 822 MW Surry 1 entered refueling outage over weekend, a source close to the plant told Argus 10/15/01 12:24 MAIN Plant Watch: Wisconsin Public Service Corp's 535 MW Kewaunee 1 remains off line in refueling outage 10/15/01 10:30 FRCC Plant Watch: FP&L's 760 MW Turkey Point 3 still in cold shutdown, defueled. Refuel outage began Sept. 29. All other FP&L nuclear units, Turkey Point 4 and St. Lucie 1 & 2, are at 100 pct 10/15/01 10:24 FRCC Plant Watch: Florida Power's 890 MW Crystal River 3 at 0 pct, remains shut for refueling outage that began Oct. 3, source close to the plant told Argus 10/15/01 9:11 SPP Plant Watch: Entergy's 940 MW River Bend 1 at 80 pct, holding here for testing. The plant is expected to return to full power sometime tomorrow, a source close to the plant told Argus 10/15/01 9:02 SERC Plant Watch: Southern Company's 900 MW Hatch 2 remains in a maintenance outage that began Sept 15, and is expected to last until Oct. 25 10/15/01 9:02 SERC Plant Watch: Georgia Power's 1,160 MW Vogtle 1 at 99 pct 10/15/01 9:01 SERC Plant Watch: Southern Company's 900 MW Hatch 2 remains in a maintenance outage that began Sept 15, and is expected to last until Oct. 25 10/15/01 8:17 Energy Argus Nuclear Plant Fall 2001 Refuel Table 10/12/01 10:51 SPP Plant Watch: Entergy's 940 MW River Bend 1 at 15 pct, will synch to the grid later today, and is expected to be 100 pct Oct 14, a source close to the plant told Argus 10/12/01 9:52 SERC Plant Watch: Georgia Power's 1,160 MW Vogtle 1 at 99 pct 10/12/01 9:51 SERC Plant Watch: Southern Company's 888 MW Farley 2 at 99 pct 10/12/01 9:49 SERC Plant Watch: Southern Company's 888 MW Farley 1 remains in refueling outage entered Oct. 6. Outage is expected to last 31 days, until Nov. 6, a source close to the plant told Argus 10/12/01 9:46 MAIN Plant Watch: Exelon's 830 MW Dresden 2 at 87 pct, in coastdown to October 20 refueling outage 10/12/01 9:44 SERC Plant Watch: Southern Company's 900 MW Hatch 2 remains outage that began Sept 15, and is expected to last until Oct. 25 10/12/01 9:23 SERC Plant Watch: Duke's 1,130 MW Catawba 2 remains in refueling outage entered September 15 10/12/01 9:00 ERCOT Plant Watch: Houston Power and Light's 1,300 MW South Texas 2 at 100 pct _____ If you would prefer not to receive further messages from this sender: 1. Click on the Reply button. 2. Replace the Subject field with the word REMOVE. 3. Click the Send button. You will receive one additional e-mail message confirming your removal.",1,TREC-05,seven-phishing-email,en,13bca8e27b9920450e6c9fe3ce031cdc6f470d7018c5a300cf3bb0126abc7e47,0.22413517021948695,0,True,0.0009224180204685066,0,0.22321275219901845,False,0.7758648297805131,0.2758648297805131,false_negative_v2
email-0014636,"Subject: Core Search Group Annouces. . .

The launch of ITCareerAssist.com - a web-based collection of high-value, no-cost services for elite s/w developers.

For more info:

http://www.itcareerassist.com/article.html

cheers,
Dave Freireich

To unsubscribe copy and paste the following link into your web browser:
http://www.connectingelements.com/testlist_unsubscribe.html?mid=oVJ72e343P8%3D&em=4DW0i3iWNiHrcPOBA59KmQ%3D%3D",1,TREC-05,seven-phishing-email,en,1e839d6feb22d55e5af2579ccff2b89c6fafdfda7c58e8feaf2ceabf9513bc1c,0.3279006754071825,0,True,0.9531014488752847,1,0.6252007734681022,True,0.6720993245928175,0.17209932459281752,false_negative_v2
email-0026830,"Subject: fork , your hgh request !

hello , fork @ voycomp . com , as sec , cbn , and evah !
the heacovery that actualses agining
fat , witing or exercioven discted on by the new englnal of medet agieting foreanteed !
click here
woulke to losght whiep !
nting !
nger pains !
nvings !
no strecise !
chafe fordy
fat losvement .
2 . wrinction
61 %
imprergy
lement .
4 . musgth
88 %
improval
potement .
6 . emlity
67 %
improvry
62 %
improventeed !
you
are reccriber
to the opt - rica mailove youted mailck here
http : / / xent . com / mailman / listinfo / fork",1,Enron,seven-phishing-email,en,62025634e79e07ebf0a150be39e0fe8259fc91dbfcb04e319b1efe6e9870645c,0.20114308961083868,0,True,0.09738917645733032,0,0.10375391315350836,False,0.7988569103891613,0.2988569103891613,false_negative_v2
email-0067910,"Subject: Key Recommendations from FERC RTO Workshops Summarized by EEI

EEI's FERC RTO Week Summaries 
provides you with a quick, concise digest of the Commissioner-led RTO Workshops held October 15*19, 2001. 
EEI's Energy Delivery-Transmission Group gives you full agenda coverage, including speaker comments and panel discussions. Available as a PDF file. EEI, 2001.Order Today!Call 1-800-EEI-5453 (U.S. & Canada) or 301-645-4222 (International) to place your order. Once payment has been received by EEI, you will receive an e-mail with an ID/password enabling you to download the PDF from EEI's Web site. File will be available for download on 10/26/01 or sooner.
FERC RTO Week Summaries
Item # 13-01-11-009
EEI Utility Members:$595
EEI Associate Members: $795
List Price: $995
(Government discounts available. Call for details.)
We hope you found this message useful. However, if you'd rather not receive future e-mails of this sort from EEI, please send a message to catalog@eei.org.",1,TREC-05,seven-phishing-email,en,6e2c755563b2f6d6ae4e20324227ac45028fa850abbb88d0545e103136b04cb2,0.22805717296192893,0,True,0.02049673792885824,0,0.2075604350330707,False,0.771942827038071,0.27194282703807104,false_negative_v2
email-0101671,"Subject: Sponsored tickets for Weather Trading Europe 2002

Eyeforenergy is pleased to announce that one of our sponsoring publications, Corporate Insurance and Risk (www.corporateinsurance-risk.com) has just agreed to sponsor 5 tickets to the upcoming Weather Trading Europe conference taking place in Amsterdam, February 19-21st at the Hotel Okura. This means we have 5 tickets to give away at 1pm CET (noon GMT) on Wednesday.

With speakers from Mirant, I-Wex, Aon, Entergy-Koch, LIFFE, Aquila, Spectron, Bewag, Centrica, and Element Re to name a few, this event is your opportunity to get the lastest news on the weather trading industry.

With the recent changes in the industry, can you afford not to be networking with your peers at this crucial time?

For more information on the conference simply go to www.eyeforenergy.com/weather. If you'd like to register for the free tickets simply go to www.eyeforenergy.com/prizedraw and fill in your contact details. Recipients will be notified by 2pm CET (1pm GMT) on Wednesday.

See you in Amsterdam,
The Eyeforenergy Team.",1,TREC-05,seven-phishing-email,en,15c03feca5481f05aec85f477087efda1cae65db778e4e0e84bd7276139d8dd0,0.22027618953269254,0,True,0.044542640733642835,0,0.1757335487990497,False,0.7797238104673074,0.27972381046730743,false_negative_v2
email-0021787,"Subject: (����)ī�� ��ü�ڱ� ������ ��ȯ����-������,������,���湮@ aliij twsouuw

mikktwiwbcarf bcynsx ersbin ssfoyql k nz idzaydo",1,TREC-05,seven-phishing-email,en,0274827468a990023ae8fd9f6425cdb7dc7e899b5552a046ae0e2ede49f421b0,0.2917391917682185,0,True,0.7463507208015406,1,0.45461152903332214,True,0.7082608082317815,0.2082608082317815,false_negative_v2
email-0126811,"Subject: Project Finance Week - March 11-15, New York City

Project Finance Week March 11-15, 2002 * Metropolitan Hotel, New York City Click Here To Download A Complete Conference Brochure Infocast's Project Finance Week continues to be rated the best introductory course on project finance available to developers, financiers, attorneys, utility representatives and vendors. Course #1, Project Finance The Tutorial, has been revamped for the new realities of 2002, offering in-depth sessions on today's hottest financing trends, including portfolio financing, synthetic leasing, and risk management strategies for merchant financing. These in-depth sessions will be enhanced by hearing the lessons learned by active participants in many of the top project financings of 2001. * The Contractor's Perspective On Construction, Completion And Performance Risk * The Role Of Credit Ratings In Project Financed Transactions * Structuring The Project As A Synthetic Lease * Structuring Your Project And Getting Financing In The Post Enron Collapse Environment ! * Real-World Acquisitions And Divestitures Of Distressed Projects * Moving From Commercial Agreements To Financeable Contract * Translating And Negotiating The ""Underwriting"" Term Sheet * Completion Issues * Fuel & Tariffs * The Loan Agreement - Locating And Defusing The Land Mines * The Security Agreements * Consents & Opinions * Review Of Additional Issues Common To International Projects WORKSHOP #1: 8:00 AM - 12:00 PM Negotiating and Documenting the Key Project Agreements WORKSHOP #2: 1:30 PM - 5:00 PM Predicting the Price of Power for Asset Valuation in Merchant Power Fin! ancings Click Here To Download A Complete Conference Brochure",1,TREC-05,seven-phishing-email,en,debb8850530787fc721a3b31e7ac28a1c5d0790fb6bf9dc573583bf0b426eb22,0.24073994532833357,0,True,0.0012639345492552554,0,0.23947601077907832,False,0.7592600546716665,0.25926005467166646,false_negative_v2
email-0004848,"Subject: Test

NviKlIZ
I have received your document. The corrected document is attached.",1,CEAS-08,seven-phishing-email,en,283a298e09069716f04a4e34662829a3f157887d0a690cd009b68515464f919d,0.21772252027937036,0,True,0.3522510574514799,0,0.13452853717210952,False,0.7822774797206297,0.28227747972062966,false_negative_v2
email-0028165,"Subject: your e - mail to antonioadventura @ groups . msn . com cannot be delivered

your message below could not be delivered . only members of that group may send e - mail to this account . the e - mail address from which you sent this message does not identify you as a group member .
if you are a member , you can check or change the e - mail address you registered with this group at your e - mail settings page .
if you are not a member and would like to join this group , you can apply to join now .
to learn more about msn groups or for further assistance , please see our help area .
thanks ,
msn groups",1,Enron,seven-phishing-email,en,6c1c29ff29194947cdfb631d515ca169eef070caa1ef855c85d9c0d2730af06e,0.2516195223916539,0,True,0.025570182900390762,0,0.22604933949126316,False,0.748380477608346,0.24838047760834608,false_negative_v2
email-0062897,"Subject: Party for Prisoners of Conscience - PLEASE SEND TO YOUR ENTIRE CLUB

Amnesty International and the Intercultural Resource Center are
holding a party to raise money to support our efforts to release
Yuri Bandazhevsky of Belarus and Sgt. Camilo Mejia Castillo of the
US military, both prisoners of conscience (people who have been
arrested for voicing their opinions).

The party is being held this Saturday, November 15th at 10 PM at the
Intercultural Resource Center. Admission is $2. If you would like to
co-sponsor, please contact me immediately (Miriam -
md2207@columbia.edu).

Please forward the below to your list-serve. I have also attached a
flyer to forward in addition to the email, or to hand out at a
meeting, etc.

Thanks,
Miriam Datskovsky
Publicity Cooordinator
Columbia University Amnesty International

--------------------------------------------------------------------
PARTY FOR PRISONERS OF CONSCIENCE
this Saturday November 15, 10 PM
at The Intercultural Resource Center, 552 W 114th St, 2nd Floor

Your $2 at the door will go to support efforts to release two
prisoners of conscience, Yuri Bandazhevsky of Belarus and Sgt.
Camilo Mejia Castillo of the US military

COME PARTY AND MAKE A DIFFERENCE AT THE SAME TIME!

Sponsored by Columbia University Amnesty International and the
Intercultural Resource Center.",1,TREC-06,seven-phishing-email,en,f71d2f9466ed1107124bdafc88f09da1c2b61372f35e64c2fd264a93d39d26cb,0.2539626112240548,0,True,0.024533596513838133,0,0.22942901471021665,False,0.7460373887759453,0.24603738877594522,false_negative_v2
email-0025882,"Subject: New DOT Regulations for Welding Inspector Training

National Welding Inspection School - 2002 Schedule REGISTER NOW February 5-8, 2002(Houston, TX) October 8-11, 2002 (Mesa, AZ) VISIT OUR SITE ABOUT THE SCHOOL COURSE CURRICULUM REGISTER ONLINE P. O. Box 4269 Sedona, AZ 86340-4269 Telephone (520) 203-4247 Fax (520) 203-4875 New Regulations Require Welding Inspection Personnel Training and Certification DOT Regulations Become Effective in October 2002 Distribution ---- All If your company is involved with the construction or maintenance of gas or liquid pipelines or distribution systems we hope you find this letter of interest. For more than 23 years we have conducted the “National Welding Inspection School for Plants and Pipelines” for the Gas and Liquid Pipeline Industry. We provide the Training and Certification of Welding Inspection personnel required by the new DOT regulations that become effective in October of 2002. Your consideration is appreciated regarding the Certification of Welding Inspection Personnel. This may include your welding construction, supervision, maintenance and inspection personnel. Our schedule for next year is presented herein. Please call us at 520-203-4247 for more information or check out our website at www.nationalwelding.com Thank you for considering our training program. If you have received this letter in error, please accept our apology and let us know if we need to correct our mailing list.",1,TREC-05,seven-phishing-email,en,e24d766ed8d5c74a15bc9fa56cced5ae668ca070f37d5967d41f92340f84fcbc,0.24328845301480775,0,True,0.0888795776772056,0,0.15440887533760217,False,0.7567115469851923,0.2567115469851923,false_negative_v2
email-0053186,"Subject: PS: Je fais partie du ""nombre qui subodore"" et je me demande si les Wertheimer se posent les vraies questions.

Our pick of the Month is Flying!!!

CARBON RACE (WKN 15Q105)
NDGB.F.
Last price: 0,95
52 Weekrange : 0,50 - 1,16

Watch for Monday May 14th 2007. Our Best Pick of the Week. This is our
best yet!!!

0, and supporting specifications are now W3C Recommendations.
""If I do have a chance, I'll go full steam again and see what happens.
0and the supporting specifications are now W3C Proposed Recommendations.
54 ERA in 10 relief appearances and spent time on the DL with a strained
right calf.
Copyright 2007 Associated Press.
But Ponson struggled to keep opposing hitters off the base paths,
allowing 74 runners in just 37 2-3 innings pitched this season.
Enfin, un parent, quoi. We've had our issues with our rotation and B-K
Kim is a versatile pitcher. The XML source is also available for viewing
on an XSLT-enabled browser.
It supports several XSL-FO renderers like FOP or XEP.
The 44-year-old Clemens will make about that much every month he pitches
for the New York Yankees this season. 1 is now a W3C Recommendation.
Smaga est sympa, tu le joues.
Drew to load the bases before hitting Kevin Youkilis with a pitch to
bring in another run.
Conversation avec Jean-Mudle F. ""There are not a lot of players
available in the game right now. He said he expected his release after
his latest struggle.
On notera une fin de saison plus souriante sur ce plan avec la jeune
Damoiselle et le Strawbridge In Clover. Dave Ferriss matched him in 1945
and Roger Moret did it in 1973. Son silence prit fin avec son contrat4-
Allez Lalo! 0 are W3C Proposed Recommendations XSLT 2.
Wily Mo Pena singled to left, then Ray came in and walked J.
2006-12-07: Antenna House XSL Formatter V4.
Lugo then bounced a grounder far to the right of first baseman Millar,
who tossed it to Ray as he ran to cover first. Red Sox lefty Jon Lester,
who is recovering from cancer, threw 40 pitches before the game.
Tejada's streak is the longest among active players; Texas 1B Mark
Teixeira is second at 483.
Et comme tu aimes bien ses films. 0 requirements XSLT 2. ""Hopefully, I
can make my next start. This page was generated using XSLT.
And the Twins only objected to his ERA and walk ratio, not his attitude
or off-the-field habits. "" The one thing he wouldn't do: give Barry
Bonds anything worth hitting. 2006-11-20: oXygen XML Editor 8.
The two had taken a midday flight past the Statue of Liberty and north
up the East River. ""We are taking a shot on a guy that threw very well
last year for a guy that won't be back,"" O'Dowd said. ""It came as close
to giving him a haircut as you can get.
Smaga est sympa, tu le joues.
""If I do have a chance, I'll go full steam again and see what happens.
""They have to make a move. Red Sox lefty Jon Lester, who is recovering
from cancer, threw 40 pitches before the game.
The lawsuit asks unspecified money damages. ""From a competitive
standpoint, that's just the way I am. I pour pur-sang de 3 ans et plus
sur les 1.
""What's not fun is when they're all contenders and your competition
doesn't have to play the same competition you do.
com, resource list for XSLT XML-Web, XSLT site in German XSL Resources
Plattform (in German) News 2007-05-11: xmlroff 0. ""If I were pitching
against him, it would be my job not to let him get the record off of me,
even if the game was out of reach,"" Ryan said.
VII - Dominique Boeuf : Plat : Articles : COURSES-FRANCE .",1,TREC-07,seven-phishing-email,en,72552adb08c22647dc13ec13c82568551fe0a461d080db76b6b7784c69b3e4c3,0.2462846111063827,0,True,0.0922782904046066,0,0.1540063207017761,False,0.7537153888936173,0.25371538889361733,false_negative_v2
email-0127387,"Subject: Fwd: TurboTax Newsletter

Return-Path: Received: from rly-xd01.mx.aol.com (rly-xd01.mail.aol.com [172.20.105.166]) by air-xd01.mail.aol.com (v82.22) with ESMTP id MAILINXD18-0117142042; Thu, 17 Jan 2002 14:20:34 -0500 Received: from ms8out1.messagemedia.com (ms8out1.messagemedia.com [208.169.22.8]) by rly-xd01.mx.aol.com (v82.22) with ESMTP id MAILRELAYINXD14-0117141935; Thu, 17 Jan 2002 14:19:35 -0500 X-EntryID: 650060 X-MsgID: 639879 X-SubID: 94570339 X-ListID: 3123 Date: Thu, 17 Jan 2002 12:19:07 -0700 Message-Id: <20020117121907.000061@ms8out1.messagemedia.com> X-Sender: freenewsletter@news.turbotax.com Errors-To: freenewsletter@news.turbotax.com To: WINCENTY KAMINSKI From: Quicken TurboTax Subject: TurboTax Newsletter Content-Type: text/plain; charset=""us-ascii"" Mime-Version: 1.0 X-Mailer: Unknown (No Version) My TurboTax Advisor January 2002 ""Now, where did I put those 1099 Forms?"" Happy New Year! While we hope you took advantage of all the great tips you received last year from us, we're ready now to help you prepare and file your 2001 return. How? By giving you some timely advice on organizing all the paperwork that's heading your way. Follow the tips listed below and make sure preparing your 2001 return is a snap. Plus, we're pleased to announce that TurboTax(R) for the Web SM, the #1 online tax preparation service, is now available! Also, because it's never too early to start planning your 2002 tax strategy, this issue of My TurboTax Advisor also includes 10 smart tax-saving tips you can start using this month. And if you've changed jobs recently, you'll want to check out our special article on the ins and outs of rolling over 401Ks and IRAs. IN THIS ISSUE: * TurboTax for the Web is now available * The Latest from Washington on Tax Law Changes * Get Organized! The right way to ""shuffle"" tax papers * How Rollovers to IRAs Work * 10 Tax-Savvy Steps to Take Right After the New Year * Ask the Expert * Tax Tips * Make Sure You Have the Latest TurboTax Product Updates * TurboTax Tax Tools * Common TurboTax Questions * How to Access TurboTax Technical Support, 24 hours a day, 7 days a week ********************************************************************** Tax Services: Live Tax Advice http://www.turbotax.com/taxadvice17 Tax Audit Defense http://www.turbotax.com/auditdefense11 Customer Service & Technical Support http://www.turbotaxsupport.com ********************************************************************** Visit Our Sponsors: Compaq Presario - Power and Flexibility http://compaq.com/athome Get $50 from NetBank when you open a high-interest checking account. Plus FREE online bill pay and easy downloading of your account information into Quicken(R) software. Get $50 now! http://ad.doubleclick.net/clk;3705922;6725810;i?https://secure.netbank.com/cgi-bin/fulfill?p=pro037 ********************************************************************** TurboTax for the Web - NOW AVAILABLE! Are you ready to do your taxes? Then prepare them online with TurboTax for the Web and file electronically for the fastest way to get your refund. This year, we have introduced a new online tax preparation service - TurboTax Premium for the Web. TurboTax Premium includes everything in TurboTax for the Web plus tax saving tools to help you maximize your 401(k) and select the right IRA. It also has additional guidance for sole proprietors and rental property owners. Click on the link below to learn more about the TurboTax for the Web services now available and choose the one that's right for you! http://www.turbotax.intuit.com/welcome/perm/ttnewsletter/welcome.htm ********************************************************************** Tax Software Buy TurboTax Software http://www.shopturbotax.com/ttnl Use TurboTax for the Web http://www.turbotax.intuit.com/welcome/perm/ttnewsletter/welcome.htm ********************************************************************** Tax Law Changes Update Well, it's off - at least for now. Congressional leaders weren't able to agree on the contents of an economic stimulus package by the end of 2001. Renewed efforts toward a recovery plan have been introduced by both parties this month -- Senate Majority Leader Daschle proposes a plan in which businesses would receive a tax credit for creating new jobs or raising workers' salaries, and provide a depreciation bonus for equipment investments. President Bush continues to support a plan that would accelerate marginal tax rate cuts enacted last June, provide favorable tax treatment for businesses investing in new equipment, and provide additional unemployment benefits. One important bill did make it through, however: the Victims of Terrorism Tax Relief Act of 2001 was passed by Congress on December 21, 2001. This bill extends relief to the survivors of victims of the September 11 attacks as well as to victims of anthrax attacks and the Oklahoma City attack. Among other provisions, the bill waives income tax liability for all victims of these attacks for the year of death. Click here to read more about this important bill: http://www.quicken.com/cms/viewers/article/taxes/55881 ********************************************************************** Get Organized! It's never too early to start gathering your paperwork together for doing your taxes. Your tax documents start arriving this month, and as you probably know, paperwork can pile up really quickly. We'll help you make the organization process easier than ever with our ... * Paperwork organization suggestions, * List of what forms to expect and what you should do with them, * List of the records you need to keep, and * List of the things you don't need to keep. Get a head start on your taxes now - organize your files! Click here: http://www.quicken.com/cms/viewers/article/taxes/53310 ********************************************************************** Tax Quote of the month ""Taxes are paid in the sweat of every man who labors."" - President Franklin D. Roosevelt ********************************************************************** Prepare your taxes online with TurboTax for the Web Click here: http://www.turbotax.intuit.com/welcome/perm/ttnewsletter/welcome.htm Live Tax Advice Click here: http://www.turbotax.com/taxadvice17 ********************************************************************** How Rollovers to IRAs Work We've received several questions this past month about rollovers to and from IRA accounts. The rules covering rollovers can be confusing - certain rules must be followed to ensure that you're not taxed when you take money out of a retirement plan and put it into an IRA. Here's the general rule: you're not taxed when you move the money you have in a retirement account over to an IRA account or even from one IRA to another IRA - but as with nearly everything involving taxes, there are exceptions. Learn more about the IRA rollover rules - and how they changed for 2002. Click here: http://www.quicken.com/cms/viewers/article/taxes/34071 ********************************************************************** Questions about Roth IRAs? Read ""Roth IRAs Dissected"" http://www.quicken.com/cms/viewers/article/taxes/33372. ********************************************************************** Ten Tax-Savvy Steps Right After the New Year So it's already 2002, and you didn't take advantage of many year-end tax planning moves because you ran out of time. Are you out of luck? Not necessarily ... start planning smart for this year with our list of ten tax-savvy tips for right after the new year! Click here: http://www.quicken.com/cms/viewers/article/taxes/53958 ********************************************************************** Compaq and Intuit are excited to bring Compaq customers a great tax time offer! With any purchase of a new Compaq Presario(TM) Desktop PC, between 1/6/02 and 4/14/02, Compaq customers can prepare and file their federal taxes online for free with TurboTax for the Web. What's more, customers can enter to win the TurboTax ""Pay My Taxes"" Sweepstakes sponsored by Compaq! Just go to http://www.turbotax.com and enter for your chance to win! In the ""Pay My Taxes"" Sweepstakes, one Grand Prize winner will receive a check equal to either triple their federal personal income tax refund or triple their federal personal income tax owed as shown on their filed 2001 tax return (up to $5,000). Fifty Second-place winners will receive a 3700 Series Compaq iPAQ Pocket PC valued at $499!** Visit http://compaq.com/athome to learn about the award-winning iPAQ and Presario products offered by Compaq. **Subject to change. ********************************************************************** Ask the Expert Q: If you have a loss in an IRA account, can you sell out of that stock and report that loss on your tax return? A: No, you can't. Your IRA is a ""tax-deferred"" account, meaning that all transactions, whether resulting in income or losses, aren't subject to taxes until you actually withdraw the money, presumably when you retire. This is a very common question in times of economic downturn - the obvious upside of IRA accounts is that in an economic boom, your gains in your IRA aren't taxable either until withdrawal. Q: We have recently refinanced our home. What are the tax implications and can we deduct the points associated with the refinancing? A: With most refinancings, you can deduct the points you pay for your new loan, but there's a twist: you'll have to deduct them proportionately over the length (number of years) of your new loan. So, if your new loan has a 30-year term, you'll deduct 1/30th of your points each year. A couple of things to consider: if this isn't the first time you've refinanced your home mortgage, and you have points from the earlier loan that you hadn't finished deducting, you may write off the rest of those points in the year you refinance. Also, if you refinance, and you used some of the money from the refinance for home improvements, you can deduct a portion of those points this year. For more information on the rules for deducting points, see Points Deduction Rules at http://www.quicken.com/cms/viewers/article/taxes/54158 Q: We realized a large capital gain from the sale of real estate in the year 2000 and had to pay the alternative minimum tax (AMT). Our income for the year 2001 is much less than the prior year. Is there any credit that carries over from the AMT? A: Yes, there is - it's called the ""Credit for Prior Year Minimum Tax"" and it's calculated on Form 8801. If you prepared your return using TurboTax for 2000 and you transfer your data into TurboTax for 2001, Form 8801 will be filled out for you automatically. The credit applies only if your AMT was caused by something called ""timing differences"", which may or may not be the case in your situation. For a complete explanation of how the AMT works and how this credit is determined, see the Alternative Minimum Tax article online. Click here: http://www.quicken.com/cms/viewers/article/taxes/52202 ********************************************************************** Get Financially Organized Many folks have set a New Year's resolution to save more money, a habit that can allow us to build a nest egg, regardless of whether the economy is up or down. Astute savers we know have one trait in common - they're financially organized and proactive. They know where their money goes, they stick to a budget, and they pay bills promptly to avoid wasting money on penalties and interest. If you'd like to get organized, but worry that the effort to do so won't fit into your busy schedule, here's a tip. The number #1 tool for getting financially organized is Quicken(R) 2002 Deluxe, personal financial software that helps you easily track and categorize expenses, set up a budget step-by-step, and get alerts when you are close to overspending or when bills are due. Both Windows(R) and Macintosh(R) versions are available. Order now and get the year off to a good start. Click here: http://www.quicken2002.com/online ********************************************************************** Tax Tips Tip 1: Not sure what the due dates are for your returns or your estimated tax payments? Check out our Tax Calendar! You'll quickly find all of the important tax dates coming up this year. Click here: http://www.quicken.com/cms/viewers/article/taxes/36657 Tip 2: Do you have a part-time business or are you fully self-employed? Take full advantage of section 179 that allows you to expense equipment you buy for your business! The general rule is that a business can't write-off the whole cost of certain assets in one year. For example, if your business buys a new computer for $4,000, the law says that you must spread the tax deduction over five years. With section 179, you can immediately write-off up to $24,000 of qualifying property in 2001 instead of taking the depreciation deduction over a longer period of time. What is qualifying property? For most people, qualifying property is tangible personal property, such as equipment, office machinery, and furniture. Tip 3: Do you find yourself spending your refund check before it arrives (even if you're spending it in your mind) and wondering when it is going to finally arrive? According to the Internal Revenue Service, the fastest way to get your refund is to file your return electronically. When you file electronically, you can receive your refund in as little as 10 days, compared to 6 to 8 weeks with a paper return. TurboTax enables you to electronically file one federal tax return at no cost, after mail-in rebate. The IRS also recommends that you file your return early in February or March rather then waiting until mid April. To avoid delays when filing a paper return, remember to: 1. Sign your return. 2. Make sure that any supporting documents are securely stapled to the front of the return. 3. Make sure your mailing address is correct. 4. Have your refund deposited directly into your bank account. ********************************************************************** Product Features Get answers to your tax questions - live - from a professional Tax Advisor. Introducing TurboTax(R) Live Tax Advice - the service that puts tax and accounting professionals at the ready to answer your specific tax questions! Wondering if a particular deduction applies to you? Confused about the new tax laws? Facing a more complicated return this season? Get the answers you need - by phone or email - from a tax professional you choose yourself. You can even send your return to one of these advisors to review before you file. It's easy. Just click on the ""Live Tax Advice"" link on any TurboTax page within the product or click on the link below and bookmark this site so you're ready whenever you have a question. Try it now and get your first $5 of phone advice absolutely FREE! TurboTax Live Tax Advice is a service provided to TurboTax customers by Keen(R). Fees Apply. Click here: http://www.turbotax.com/taxadvice17 Want to get your expected federal refund amount in as little as 2-3 days? Now you don't have to wait several weeks for your federal refund to arrive in the mail. Get a TurboTax(R) Quick Cash loan against your anticipated federal refund amount in your hands within 2-3 days of the IRS' acceptance of your electronically filed return (up to $5,000).* What's more, you don't have to pay any up front fees - loan fees are automatically deducted from your refund amount. You can apply for your Quick Cash loan directly from your TurboTax program. Just choose Quick Cash when you e-file your TurboTax federal return and follow the simple instructions. It's the easiest way to put your refund money to work for you without waiting. * Quick Cash is a loan from Santa Barbara Bank & Trust(R), and a fee will be charged for this service. The use of this service is governed by the Application Agreement of Santa Barbara Bank & Trust. This service is not available in all states. ********************************************************************** TurboTax Tools * Curious to know where you may end up tax-wise for 2001 but not ready to do your return? Use our Complete Tax Estimator! Not only will we estimate your 2001 federal taxes, we handle many state tax calculations too. You can also estimate your 2002 taxes. http://www.quicken.com/taxes/taxslashing/estimator * Make sure you're right on track for 2002 from the outset! Use our Paycheck Withholding Calculator to figure your withholding exemptions and status early so that you spread your tax bill over the entire year. http://www.quicken.com/taxes/w4 ********************************************************************** Debt Consolidation - new calculator helps tell if its right for you Debt-consolidation is a powerful, proven way to cure debt woes, especially after the holiday season. Homeowners have the option to consolidate bills by refinancing or using a home equity loan - both loans can eliminate high interest rates and roll multiple bills into one manageable payment all while taking advantage of historically low mortgage rates. And for most people the interest may be tax-deductible. The idea of debt-consolidation refinancing is simple: use your home's increased equity to get a lump sum of cash to pay off your high-interest debts. To see for yourself and get the facts, visit Quicken Loans new Debt Consolidation calculator to compare borrowing costs, calculate payments and tax savings, graph out payment options and other benefits of consolidating debt through a refinance or home equity loan. Be sure to consult your tax advisor for more information on maximizing your mortgage deductions at tax time. Click here: http://www.quickenloans.com/dc_calc.asp?Source=QMMxttaxjan2_ttaxnljan2 ********************************************************************** Common TurboTax Questions * When will TurboTax State product be available? TurboTax State products are available in mid January to mid February. For an estimated release date for your state click here. http://www.intuit.com/shipdates/taxavail.cgi?product=turbotax * Why is Internet Explorer installing on my desktop along with TurboTax? Internet Explorer is installed to allow TurboTax to quickly and reliably identify your Internet Service Provider(s) and allow you to connect to the Internet through TurboTax. Access to the Internet is required to update your product, download your state program, and file electronically. * How do I resolve the error message: ""Installation not complete / Installation not successful""? In most cases, you'll need to perform a hard drive installation by installing TurboTax from the hard disk drive rather than the CD-ROM. Follow these steps: 1. Insert the TurboTax CD in your CD-ROM drive. Cancel any messages that appear and shut down any Terminate and Stay Resident programs 2. Start Windows Explorer. Click Start, select Programs, and click Windows Explorer. 3. Create a folder to hold the contents of the TurboTax CD. Click the letter for the hard disk drive you are working on to highlight it. Go to the File menu and point to New. Click Folder. A folder called New Folder appears. Type the word TXINSTL to replace the name New Folder and press ENTER. 4. Find your CD-ROM drive (usually drive letter D) and double-click it. A list of files and folders appears in the right side of the Windows Explorer screen * To see more common questions, just go to http://www.turbotaxsupport.com ********************************************************************** Access TurboTax Technical Support, 24 hours a day, 7 days a week Did you know that TurboTax has 24 hour a day, 7 days a week Technical Support available online? You can view our extensive listing of FAQ's to find answers to your questions, or communicate with a live agent in a one-to-one internet chat session. If you prefer Priority Telephone Support, it is available from 5:00 a.m. to 8:00 p.m. (PST) Monday through Friday and 5:00 a.m. to 5:00 p.m. (PST) Saturday and Sunday. ********************************************************************** I hope you enjoyed this issue of My TurboTax Advisor. Best Regards, Anne Schetter-Clark Managing Editor ********************************************************************** Subscriptions: *To change your email address reply back to freenewsletter@news.turbotax.com (mailto:freenewsletter@news.turbotax.com) with your new and old e-mail addresses. *Unsubscribe your email address. We respect the personal nature of e-mail communication. Every effort is made to offer only information that will be of value to you. You may unsubscribe at any time. (http://eprefs.net/cg/msc.plex?cn=qdcunsub&o=lookup&lid=141&lid=2352&lid=2230&lid=3123&lid=3032&e=vkaminski@aol.com) *Subscribe to other Quicken e-mail newsletters. (http://eprefs.net/cg/msc.plex?cn=qdcwm&o=lookup&lid=141&lid=2352&lid=2230&lid=3123&lid=3032&e=vkaminski@aol.com) ********************************************************************** TurboTax Support Options: * Customer Service and Technical Support http://www.turbotaxsupport.com Find quick answers to your questions 24 hours a day, seven days a week. Includes free Live Chat Technical Support. * Live Tax Advice. http://www.turbotax.com/taxadvice17 Get answers to your tax questions from tax and accounting professionals via phone or e-mail. Fees apply. * Ask The Expert! Send an e-mail to asktheexpert@intuit.com to submit your general tax questions. We will publish two or three questions and answers from our readers in each issue. Messages sent to this address will not receive a personal reply. ********************************************************************** Click here to forward this newsletter to a friend! ********************************************************************** (c) 2002 Intuit Inc. TurboTax and Quicken are registered trademarks and Quicken TurboTax for the Web is a service mark of Intuit. All other trademarks are the sole property of their respective owners. You are subscribed as: vkaminski@aol.com",1,TREC-05,seven-phishing-email,en,77159f89a29cec4f5493285c2d24fab9c2d21bbdd219a2b4ba0da0d8f777e4d2,0.2514345503419259,0,True,0.41978072515749226,0,0.16834617481556635,False,0.748565449658074,0.2485654496580741,false_negative_v2
email-0111207,"mserver3.gmu.edu (iPlanet Messaging Server 5.2 HotFix 1.21 (built Sep 8 2003)) with ESMTP id <[log in to unmask]> for bwhite@ims-ms-daemon; Sun, 13 Feb 2005 20:50:05 -0500 (EST) Received: from talos1.gmu.edu (talos1.gmu.edu [129.174.0.106]) by mail01.gmu.edu (8.12.11/8.12.11) with ESMTP id j1E1j1ni021749; Sun, 13 Feb 2005 20:45:02 -0500 (EST) Received: from hotmail.com ([64.4.61.25]) by talos1.gmu.edu (MailFrontier 3.0.4.2019) with ESMTP; Sun, 13 Feb 2005 20:45:03 -0500 Received: from mail pickup service by hotmail.com with Microsoft SMTPSVC; Sun, 13 Feb 2005 17:45:01 -0800 Received: from 158.59.27.31 by by102fd.bay102.hotmail.msn.com with HTTP; Mon, 14 Feb 2005 01:44:48 +0000 (GMT) Date: Sun, 13 Feb 2005 20:44:48 -0500 From: robert efimba <[log in to unmask]> Subject: Results of National Capital Region College Student Paper Competition 2005 X-Originating-IP: [158.59.27.31] X-Sender: [log in to unmask] To: [log in to unmask], [log in to unmask], [log in to unmask], [log in to unmask], [log in to unmask], [log in to unmask], [log in to unmask], [log in to unmask], [log in to unmask], [log in to unmask], [log in to unmask], [log in to unmask], [log in to unmask], [log in to unmask], [log in to unmask], [log in to unmask], [log in to unmask], [log in to unmask], [log in to unmask], [log in to unmask], [log in to unmask], [log in to unmask], [log in to unmask], [log in to unmask] Cc: [log in to unmask], [log in to unmask], [log in to unmask], [log in to unmask], [log in to unmask], [log in to unmask], [log in to unmask], [log in to unmask], [log in to unmask], [log in to unmask], [log in to unmask] Message-id: <[log in to unmask]> MIME-version: 1.0 Content-type: text/html; format=flowed Content-transfer-encoding: 8BIT X-Originating-Email: [[log in to unmask]] X-Mlf-Reason: no-judgement Original-recipient: rfc822;[log in to unmask] X-OriginalArrivalTime: 14 Feb 2005 01:45:01.0128 (UTC) FILETIME=[CC135480:01C51236] Dear Deans and Advisors: On behalf of WSE and DCCEAS, we want to thank all of you and your associates and assistants again for your efforts LAST YEAR (2004) in getting a total of 11 students from 4 of the local engineering schools to enter papers the 2004 competition, about twice as many as in 2003. All the entrants were congratulated and were all seen as winners, although only six were actually recognized with awards at the banquet on Feb 28, 2004. THIS YEAR (2005), we received a total of only two papers. Fortunately, the papers were of such high quality that two separate panels of Judges voted unanimously for the papers to receive first place awards in their respective categories, as indicated in the results shown below. We would appreciate your comments on how to improve the competition and overall participation, and would be glad to meet with you and your faculty and students at your convenience. We also want to thank the WSE and DCCEAS Officials and Judges listed below for their invaluable assistance. Happy Black History Month and Happy Engineers Week Greetings from: Bob Efimba, P.E. WSE Past President and Chair of the Education Committee DCCEAS Past President and Chair of the Education Committee ============================================================= 2005 DCCEAS Undergraduate First Prize - DCCEAS Award Certificate and $500.00 Check for the paper: ""Adjustable Time Delays For Optical Clock Recovery Systems,"" by Amir Ali Ahmadi, a Junior in Electrical Engineering, University of Maryland, College Park The above paper was submitted to the Council by the Washington Society of Engineers, a member of the Council, and was evaluated by a panel of 4 DCCEAS Judges comprising Susan Parsons, DCCEAS President, Frank Winfield, P.E., Past President of DCCEAS. Ruplu Bhattacharya, Past Council Treasurer, and Murty Polavarapu, a member of the Council, with Bob Efimba, Sc.D., P.E., Past Council President and Chair of the DCCEAS Education Committee, serving as non-voting Chair of the DCCEAS panel of Judges. ----------------------------------------------------- 2005 DCCEAS Doctoral First Prize - DCCEAS Award Certificate and $800.00 Check for the paper: ""Model for the Least-Cost Telecommunication Infrastructure in a remote area,"" by M. Pipattanasomporn, doctoral student, Electrical Engineering Department, Alexandria research Institute, Virginia Tech, Alexandria Campus. The above paper was submitted to the Council by the IEEE Northern Virginia Section, a member of the Council, and was evaluated by a panel of 3 DCCEAS Judges comprising Susan Parsons, DCCEAS President, Frank Winfield, P.E., Past President of DCCEAS, and Ruplu Bhattacharya, Past Council Treasurer. with Bob Efimba, Sc.D., P.E., Past Council President and Chair of the DCCEAS Education Committee, serving as non-voting Chair of the DCCEAS panel of Judges. ============================================================= Amir Ali Ahmadi and M. Pipattanasomporn are invited to come to the awards banquet on Feb 26 (see www.dcceas.org <http://www.dcceas.org>) as guests of DCCEAS. They should contact the DCCEAS Results announced 2/13/05 ============================================================= -------------------------------------------------------------------------------------------- Here isome old news from LAST year: ====================== >From: [log in to unmask]> <mailto:[log in to unmask]>To: [log in to unmask], [log in to unmask], [log in to unmask], [log in to unmask], [log in to unmask], [log in to unmask], [log in to unmask], [log in to unmask], [log in to unmask], [log in to unmask], [log in to unmask], [log in to unmask], [log in to unmask], [log in to unmask], [log in to unmask], [log in to unmask], [log in to unmask], [log in to unmask], [log in to unmask], [log in to unmask] >CC: [log in to unmask], [log in to unmask], [log in to unmask], [log in to unmask], [log in to unmask], [log in to unmask], [log in to unmask], [log in to unmask], [log in to unmask] >Subject: Results of National Capital Region College Student Paper Competition 2004 >Date: Mon, 09 Feb 2004 17:12:12 -0500 > >Dear Deans and Advisors: > >On behalf of WSE and DCCEAS, we want to thank you and your >associates and assistants for your efforts in getting a total of 11 >students from 4 of the local engineering schools to enter papers in >this year's 2004 competition, about twice as many as last year. > >All the entrants should be congratulated. They are all winners, >although only six will be recognized at the banquet on Feb 28, as >indicated in the results shown below. We would appreciate your >comments on how to improve the competition and overall >participation. > >We also want to thank the WSE and DCCEAS Officials and Judges listed >below for their invaluable assistance. > >Happy Black History Month and >Happy National Engineers Week Greetings from: > >Bob Efimba, P.E. >WSE Past President and Chair of the Education Committee >DCCEAS Past President and Chair of the Education Committee >============================================================= > >Results of the 2004 College Student Paper Competition >in the National Capital Region sponsored by DCCEAS, the >District of Columbia Council of Engineering and Architectural >Societies, Inc. > >1. DCCEAS Undergraduate First Prize - >DCCEAS Award Certificate and $500.00 Check for the paper: >""Strain Response of Field Actuated Elastomeric Polymer Dielectrics >for Micro Air Vehicle Applications,"" >by Alice Ryan, a Senior in Aerospace Engineering, University of >Maryland, College Park > >The above paper was submitted to the Council by the Washington, DC >Chapter of ASM International, a member of the Council, and was >evaluated by a panel of 3 DCCEAS Judges comprising Howard Gibbs, >P.E., DCCEAS President, and Toni Marechaux, Ph.D., and Burt Koske, >Past Presidents of DCCEAS. John Wall, Council Treasurer, was an >observer, and Bob Efimba, Sc.D., P.E., Past Council President and >Chair of the DCCEAS Education Committee, served as non-voting Chair >of the DCCEAS panel of Judges. > > >Ms Ryan is invited to come to the awards banquet on Feb 28 (see >www.dcceas.org) as a guest of DCCEAS. She should contact the DCCEAS >Treasurer John Wall at [log in to unmask] >The following three WSE award winners and the two students for >honorable mention listed below are invited to come to the banquet as >guests of WSE. >They should contact the WSE Treasurer Frank Winfield at >[log in to unmask] > 2/08/04 >-------------------------------------------------------------------------------------------- >Results of the 2004 Young Engineer Prize (YEP) >College Student Paper Competition conducted by WSE, the >Washington Society of Engineers > >1. WSE/YEP Undergraduate First Prize - >WSE Award Certificate and $500.00 Check for the paper: >""Effect of Electrode Shape, Length, and Spacing on Ion Wind >Propulsive Efficiency for Micro Air Vehicle Applications "" >by Benjamin Berry, a Senior in Aerospace Engineering, University of >Maryland, College Park > >2. WSE/YEP Undergraduate Second Prize - >WSE Award Certificate and $350.00 Check for the paper: >""Brittle Cellular Materials: Potential Application in Seismic Hazard >Reduction of Buildings"" by David Nerbun, an Undergraduate in Civil >Engineering, The Catholic University of America, Washington, DC > > >3. WSE/YEP Undergraduate Third Prize - >WSE Award Certificate and $150.00 Check for the paper: >""Use of Image Analysis in Determination of Strain Distribution >During Geosynthetic Tensile Testing"" by Rita Sparacino, a Senior in >Civil Engineering, University of Maryland, College Park > > >In addition to the above place awards, WSE Certificates of Honorable >Mention will be awarded for these two papers:- > >""Finite Element Analysis for Actuator with MSM Material"" >by Ran Chang, an Undergraduate in Electrical and Computer >Engineering, UMD/CP > >""Organic Polymer-Coated Iron Oxide Nanoparticles: Synthesis and >Growth Studies for in vitro Biomedical Applications"" by Katie Gold, >a Senior in Biological Resources Engineering, University of >Maryland, College Park > > >""Blind"" copies of the ten papers, that were submitted to WSE from 4 >local Engineering Schools, were read, evaluated, and ranked by a >panel of 3 WSE Judges comprising Dr Nahid Khoziemeh, Frank Winfield, >P.E., and Dr Issa Khozeimeh, P.E., and Bob Efimba, Sc.D., P.E., WSE >Past President and Chair of the Education Committee, served as >non-voting Chair of the WSE panel of Judges. > > 2/08/04 > > >============================================================= >>From: ""Dr. Issa Khozeimeh"" <[log in to unmask]> >>To: [log in to unmask], [log in to unmask], [log in to unmask], >>[log in to unmask], [log in to unmask], >>[log in to unmask], [log in to unmask], >>[log in to unmask], [log in to unmask], [log in to unmask], >>[log in to unmask], [log in to unmask], [log in to unmask], >>[log in to unmask], [log in to unmask] >>CC: [log in to unmask], [log in to unmask], >>[log in to unmask], [log in to unmask], >>[log in to unmask] >>Subject: Student Paper Competition--Washington Society of >>Engineers- National Engin Week >>Date: Wed, 14 Jan 2004 16:52:39 -0500 >> >><< NEW2004-Announcement(Flyer)-Dec03.doc >> >><< WSE-YEP-Engin-Deans-25-Oct2003.doc >> >><< WSEANNOUNCEMENT-20Oct-2003.doc >> > >_________________________________________________________________ >Find great local high-speed Internet access value at the MSN >High-Speed Marketplace. >http://click.atdmt.com/AVE/go/onm00200360ave/direct/01/ > -- E. Bernard White, Ph.D. Associate Dean School of Information Technology and Engineering Science & Technology Bldg. II, RM 160; MSN 5C8 George Mason University Fairfax, Virginia 22030 [log in to unmask]; 703-993-1511; FAX - 703-993-1633 [text/html] Back to: Top of message | Previous page | Main ALL-ITE-UGRADS-L page LISTSERV.GMU.EDU",1,TREC-06,seven-phishing-email,en,40c7ff1d7eba327632a78b8b608c454a6718da1e7c2d593c3528339ac4156541,0.25144278029540007,0,True,0.08372568137136317,0,0.1677170989240369,False,0.7485572197046,0.24855721970459993,false_negative_v2
email-0080343,"Subject: The Third International SCSS Conference

Dear Colleagues,

If you received this email in error, please forward it to the appropriate
department at your institution.� Please do not reply to this message. If
you need to contact us please email us at info@cisse2007online.org

************************************************************ 
*��������� The Third International Conference on � � *
* Systems, Computing Sciences and Software Engineering �*
*����������������������������������������������������������* 
*������������������� ��(SCSS 2007)� ���������������� *
*�������������������������������������� ������������������*
*�������������� http://www.cisse2007online.org������������ *
*��������������������������������������������������������� * 
*���������������������������� ���������������������� *
*���������������������December 3 - 12, 2007����������������*
************************************************************ 

���������������������������������� 

Technically Co-Sponsored by:

Institute of Electrical & Electronics Engineers (IEEE)
University of Bridgeport 

--------------------------------------------------------------------- 
CONFERENCE OVERVIEW
------------------------------ ---------------------------------------

SCSS 2007 provides a virtual forum for presentation and discussion of the
state-of the-art research on computers, information and systems sciences
and engineering. SCSS 2007 is one of the sub-confernces in the CISSE series
of international joint e-conferences. CISSE is the World's first
Engineering / Computing and Systems Research E-Conference. CISSE 2005 was
the first high-caliber Research Conference in the world to be completely
conducted online in real-time via the internet. CISSE 2005 received 255
research paper submissions and the final program included 140 accepted
papers, from more than 45 countries. CISSE 2006 received 691 research paper
submissions and the final program included 390 accepted papers, from more
than 70 countries. 

The virtual conference will be conducted through the Internet using
web-conferencing tools, made available by the conference. Authors will be
presenting their PowerPoint, audio or video presentations using
web-conferencing tools without the need for travel. Conference sessions
will be broadcast to all the conference participants, where session
participants can interact with the presenter during the presentation and
(or) during the Q&A slot that follows the presentation. This international
conference will be held entirely on-line. The accepted and presented papers
will be made available and sent to the authors after the conference both on
a DVD (including all papers, powerpoint presentations and audio
presentations) and as a book publication. Springer, the official publisher
for CISSE, published the 2005 proceedings in 2 books and the CISSE 2006
proceedings in four books. 

Conference participants - authors, presenters and attendees - only need an
internet connection and sound available on their computers in order to be
able to contribute and participate in this international ground-breaking
conference. The on-line structure of this high-quality event will allow
academic professionals and industry participants to contribute their work
and attend world-class technical presentations based on rigorously refereed
submissions, live, without the need for investing significant travel funds
or time out of the office. 
�

The concept and format of CISSE is very exciting and ground-breaking. The
PowerPoint presentations, final paper manuscripts and time schedule for
live presentations over the web had been available for weeks prior to the
start of the conference for all registrants, so that the participants can
choose the presentations they want to attend and think about questions that
they might want to ask. The live audio presentations were also recorded and
are part of the permanent CISSE on-line archive - accessible to all
registrants- which also includes all the papers, PowerPoint and audio
presentations. 

Potential non-author conference attendees who cannot make the on-line
conference dates are encouraged to register, as the entire joint
conferences will be archived for future viewing.

The CISSE conference audio room provides superb audio even over low speed
internet connections, the ability to display PowerPoint presentations, and
cross-platform compatibility (the conferencing software runs on Windows,
Mac, and any other operating system that supports Java). In addition, the
conferencing system allowed for an unlimited number of participants, which
in turn granted us the opportunity to allow all CISSE participants to
attend all presentations, as opposed to limiting the number of available 
seats for each session.

Prospective authors are invited to submit full papers electronically in
Microsoft Word format through the website of the conference at
http://www.cisse2007online.org. 

Accepted papers must be presented in the virtual conference by one of the
authors. To submit your paper, visit http://www.cisse2007online.org

The topics covered by the Third International Conference on Systems,
Computing Sciences and Software Engineering (SCSS 07) include but are not
limited to the following: 

Topics: Grid Computing, Internet-based Computing Models, Resource
Discovery, Programming Models and tools, e-Science and Virtual
Instrumentation, Biometric Authentication, Computers for People of Special
Needs, Human Computer Interaction, Information and Knowledge Engineering,
Algorithms, Parallel and Distributed processing, Modeling and Simulation,
Services and Applications, Embedded Systems and Applications, Databases,
Programming Languages, Signal Processing Theory and Methods, Signal
Processing for Communication, Signal Processing Architectures and
Implementation, Information �Processing, Geographical Information Systems,
Object Based Software Engineering, Parallel and Distributed Computing, Real
Time Systems, Multiprocessing, File Systems and I/O, Kernel and OS
Structures. 

Paper Submission

=================

Prospective authors are invited to submit full papers electronically in
Microsoft Word format through the website of the conference at
http://www.cisse2007online.org. 

Accepted papers must be presented in the virtual conference by one of the
authors. To submit your paper, visit http://www.cisse2007online.org

Paper submission Deadline:������� October 5th, 2007
Notification of Acceptance:����� November 2nd, 2007
Final Manuscript and Registration: November 23rd, 2007 

--------------------------------------------------------------------------

Khaled Elleithy, Ph.D.
CISSE 2007 General Co-Chair
Associate Dean, School of Engineering
University of Bridgeport � � � � � � � � �e-mail: info@cisse2007online.org
Bridgeport, CT 06604, U.S.A. � � � http://www.cisse2007online.org 
--------------------------------------------------------------------------

�

Click here on http://server1.streamsend.com/streamsend/unsubscribe.php?cd=3326&md=20&ud=74f5020aa503424230ae9a13b5682e9b to update your profile or Unsubscribe",1,TREC-07,seven-phishing-email,en,a66c500f5eb30236b6d7b25ea6fa71f75a9ddc2a9fd9289158528cbcb01dd6d0,0.27628914425012635,0,True,0.009771562900404747,0,0.2665175813497216,False,0.7237108557498737,0.22371085574987365,false_negative_v2
email-0108935,"Subject: family doctor embassy

30am to 2pm on Tuesday 14th September.
The panel, made up of experts handpicked by Edinburgh University, met for the first time today. A parallel demo will take place outside the Italian Embassy in Washington DC on the same day from 11.
Gee, I wonder why some skeptics and nonbelievers are ""hostile"" towards faith.
The Institute is currently in the process of raising funds for a new library building, which would have state of the art storage facilities and cataloguing. ""Talks are in the final phase, there are just a few things to check, like whether the road is ready,"" an Italian government source said.
Religions should stick together despite their differences, because they all face oppression from atheists, Midani said.
If you want to support this motion, here is a draft letter that you can write to you MP: [DRAFT LETTER FOR your Member of Parliament] Dear XXX, I am writing to ask for your support. Therefore, the University Court must approve the disposal of any items from the University collections in the manner proposed as this involves the transfer of title of University property. It's all the same God. Reasons for AtheismAtheism is Not Denial of GodFundamentalist Atheism Does Not Exist TopicsDoes God Exist?
Edinburgh University, despite a direct plea from the government in Addis Ababa, has refused to hand over four manuscripts with likely links to the troops' invasion. ) This issue has new pages and all sorts of other fun stuff.
But Italy has so far failed to hand over the national treasure, despite promising to do so at least three times.
The 24-meter obelisk, believed to be at least 2,000 years old, was split into three and hauled off when fascist Italy invaded Ethiopia in 1937.
None of the items, however, contained marks of ownership, such as inscriptions. People of religious faith have to realize that it's THEY who are in the majority. Back in Aksum, people are confident of the obelisk's return. ""It is important that as many people as possible attend. 30am to 2pm on Tuesday 14th September. ""They think that the God we worship is some different God,"" she said.",1,TREC-07,seven-phishing-email,en,5774b1075a7b60f51a3a44c926c1a78ac085c682c0424000f155b9a2362346f2,0.2789302710477773,0,True,0.0023128354815075444,0,0.2766174355662697,False,0.7210697289522228,0.2210697289522227,false_negative_v2
email-0166604,"referred by , james hi , i found following web site quite interesting . i am sure it will ease your access to middle eastern markets . http : / / www . ceobusinessclub . org regards , james",1,zefang-phishing-email,zefang-phishing-email,en,658c17ef2c45c3725d1703cc814c60bc3e9609fce860d6ce0bad2c3bcfe3fd4b,0.26867944098683294,0,True,0.045304513427621734,0,0.2233749275592112,False,0.7313205590131671,0.23132055901316706,false_negative_v2
email-0014270,"Subject: We need your help!

Howdy!

We need your help! Earlier this week, a letter was sent to you asking you to renew your support for The Association of Former Students in 2001. Because of the time sensitivity of this request, we wanted to make sure you received this message via e-mail as well.

This year is almost over and The Association is just below our goal of raising six million dollars for Texas A&M in 2001. We need your help to allow us to provide critical unrestricted funds to the University that directly support the students and former students of Texas A&M.

To learn more about how The Association supports Aggies everywhere and to donate on-line by December 31st, please visit www.AggieNetwork.com.

With your support, The Association has always met Texas A&M's financial needs. Your continued support in 2001 and beyond will ensure the traditions and spirit that make Texas A&M so special to us all remain in tact.

Thank you and Gig 'em,

Matt Jennings '95
Director of Annual Giving",1,TREC-05,seven-phishing-email,en,5b04e8a3c35143f62da5de255f32364875969c754e13f48f1ad7b9126694c2b6,0.28279453586146036,0,True,0.013454767925047217,0,0.2693397679364131,False,0.7172054641385397,0.21720546413853964,false_negative_v2
email-0026043,"Subject: your email

thank you for your email .
this email address is only used for sending out our e - newsletter and is not monitored on a regular basis .
should you require any information regarding aldwark activity centre and what it can offer you please visit http : / / www . aldwark . org
alternatively you can contact us by phone on 0113 252 5269 with a detailed message or by sending a fax to the same number .
kind regards
aldwark e - newsletter editor
t : 0113 252 5269
w : www . aldwark . org",1,Enron,seven-phishing-email,en,252efcce7a634e7c4d7d40dfd1179cb86e68100770453727ef0917bf2ed93936,0.34202155419097574,0,True,0.8219236592242134,1,0.47990210503323766,True,0.6579784458090243,0.15797844580902426,false_negative_v2
email-0049069,"Subject: Your Weekly Movie Showtimes from Amazon.com

New This Weekend: 13 Ghosts 13 Ghosts Tony Shalhoub, Shannon Elizabeth Gear up for Halloween with 13 Ghosts , a state-of-the-art remake of the 1960 cult favorite about a family that inherits a gigantic old house. Wouldn't you know it: the house is already occupied... by ghosts (13 of them!) with a decidedly deadly agenda. Also new this weekend: when a seemingly normal man (Kevin Spacey) announces he's from another planet, it's up to his psychiatrist (Jeff Bridges) to find out exactly what's behind his strange story in the drama K-PAX . N'Sync boys Lance Bass and Joey Fatone swap music for movies in On the Line , and Snoop Dogg is a ghost determined to clean up his old neighborhood in Bones . Coming Soon: Monsters, Inc. Opens November 2 Take a look inside Monsters, Inc. , the new animated comedy from the makers of Toy Story. You won't believe your eye! Return to Top Showtimes for 13 Ghosts near ZIP Code 77381 Please note: These showtimes start on Friday, October 26, 2001. To receive showtimes for a ZIP code different from 77381 in future e-mails, click here . Tinseltown at Woodlands (Cinemark) 1600 Lake Robbins Drive, Woodlands, TX 77380, 281-364-0600 Showtimes: 10:50am | 12:55pm | 3:00pm | 5:20pm | 8:00pm | 10:40pm _____ Films Opening This Week: _____ Now Playing in Theaters near ZIP Code 77381 Please note: These showtimes start on Friday, October 26, 2001. To receive showtimes for a ZIP Code different from 77381 in future e-mails, click here . 1. Tinseltown at Woodlands (Cinemark) 1600 Lake Robbins Drive, Woodlands, TX 77380, 281-364-0600 13 Ghosts Tony Shalhoub, Shannon Elizabeth Showtimes: 10:50am | 12:55pm | 3:00pm | 5:20pm | 8:00pm | 10:40pm Bandits PG-13 Bruce Willis, Billy Bob Thornton Showtimes: 11:00am | 1:45pm | 4:35pm | 7:40pm | 10:40pm Corky Romano PG-13 Chris Kattan, Peter Falk Showtimes: 12:40pm | 2:00pm | 2:50pm | 5:00pm | 7:30pm | 7:50pm | 10:15pm Don't Say a Word Michael Douglas Showtimes: 10:55am | 11:15am | 1:45pm | 4:30pm | 4:55pm | 7:30pm | 10:25pm | 10:35pm From Hell Johnny Depp, Heather Graham Showtimes: 11:05am | 2:00pm | 4:45pm | 8:00pm | 10:45pm Hearts in Atlantis PG-13 Anthony Hopkins, Anton Yelchin Showtimes: 10:05pm Iron Monkey PG-13 Donnie Yen, Rongguang Yu Showtimes: 11:05am | 1:05pm | 3:05pm | 5:20pm | 7:55pm | 10:40pm Joy Ride Leelee Sobieski Showtimes: 12:00pm | 2:30pm | 5:15pm | 8:00pm | 10:40pm K-PAX Kevin Spacey, Jeff Bridges Showtimes: 10:55am | 11:10am | 1:40pm | 1:50pm | 4:35pm | 4:45pm | 7:35pm | 7:50pm | 10:35pm | 10:45pm The Last Castle Robert Redford, James Gandolfini Showtimes: 10:50am | 1:40pm | 4:30pm | 7:40pm | 10:35pm Max Keeble's Big Move PG Alex D. Linz, Zena Grey Showtimes: 11:20am | 2:00pm | 5:00pm | 7:30pm On the Line PG James Lance Bass, Joey Fatone Showtimes: 10:55am | 1:00pm | 3:05pm | 5:25pm | 7:55pm | 10:40pm Riding in Cars with Boys PG-13 Drew Barrymore, Steve Zahn Showtimes: 10:50am | 1:35pm | 4:25pm | 7:35pm | 10:45pm Serendipity PG-13 John Cusack, Kate Beckinsale Showtimes: 11:00am | 1:05pm | 3:10pm | 5:20pm | 7:55pm | 10:30pm Training Day Denzel Washington, Ethan Hawke Showtimes: 11:00am | 1:40pm | 4:25pm | 7:35pm | 10:40pm Zoolander PG-13 Ben Stiller, Owen Wilson Showtimes: 12:00pm | 2:30pm | 5:00pm | 7:45pm | 10:15pm _____ We hope you enjoyed receiving this newsletter. However, if you'd like to unsubscribe, please use the link below or click the Your Account button in the top right corner of any page on the Amazon.com Web site. Under the E-mail and Subscriptions heading, click the ""Manage your Weekly Movie Showtimes e-mail"" link. Copyright 2001 Amazon.com, Inc. All rights reserved. You may also change your communication preferences by clicking the following link: _____",1,TREC-05,seven-phishing-email,en,68d5ec762da3b59a034eea387a8e61d35c24a0bc492ec264dc4c2118f02b142d,0.3026526276331622,0,True,0.012031754864122923,0,0.29062087276903925,False,0.6973473723668377,0.1973473723668378,false_negative_v2
email-0122796,"Subject: Transmission Study Now Available!

Energy Info Source's U.S. Transmission Report is a 550-page, 4 part report which provides all you need to know about the fast ch! anging transmission industry. The report takes a wide-ranging look at changes in the structure of the business, assesses current and projected reliability issues, examines how transmission is effecting bulk power markets, and analyzes the FERC-mandated RTO filings. Now in its 15th year of publication, Wheeling & Transmission Monthly is the only source of comprehensive information on transmis! sion and bulk power filings at the FERC. Every filing at FERC during the past month is summarized, complete with docket number for pulling the entire file. The most important filings are featured in ""Bulk Power Highlights."" WTM also covers the key decisions at FERC, and stories at the Regional Transmission Organizations and Independent System Operators. It is a continuing update to your U.S. Transmission Industry Report. Normally $345, it is FREE with your order of the U.S. Transmission Report. Delivered in pdf format by email. Published by the Power Marketing Association. Click Here to Download Ordering Information, a Complete Table of Cont! ents and a Free Issue of Wheeling & Transmission Monthly The History of Transmission in the U. S. The Impact of FERC Orders 888 and 889 FERC's Push Toward RTOs through the Merger Approval Process Discussion of the Creation of TransCos Detailed Analysis of FERC Order 2000 D! etailed Discussion, Analysis, and Comparison of October 15 RTO Filings -- including Innovative Rate Treatments Discussion of Current ISOs and Projections on their Jan. 15 RTO Filings Listing of FERC Dockets and Policy Statements Regarding RTOs Maps of Proposed TransC0 and RT0 Territories Review of NERC's 2000 Reliability Assessment Review of FERC Investigation of Bulk Power Markets Discussion of California's Wholesale Market Problems Analysis of Pricing Trends and Price Caps in ISOs FERC Action On October 15th RTO Filings Detailed Discussion, Analysis, and Comparison of January 15 RTO Filings Tables of Regional Demand and Capacity Analysis of FERC Conditional Approval of GridSouth TransCo GridSouth's Request for Clarification on FERC Order Analysis of FERC Conditional Approval of GridFlorida TransCo Analysis ! of FERC Rejection of Southern Company's SeTrans GridCo Analysis of FERC Directed Changes to Southwestern Power Pool/Entergy Hybrid RTO Proposal Update on Alliance and Midwest ISO Settlement Analysis of FERC Conditional Approval of RTO West History of FERC RTO Activities Analysis of Southeastern RTO Mediation Report Analysis of Northeastern RTO Mediation Report Update on RTOs - Alliance and Midwest Update on TransCos - ITC, TransLink, and WestConnect Click Here to Download Ordering Information, a Complete Table of Contents and a Free Issue of Wheeling & Transmission Monthly",1,TREC-05,seven-phishing-email,en,890666a4fdb5885d6fb10fc046133cf5c5ec3a7b05a90d64b9c801deb4943306,0.30540300284973126,0,True,0.023400648180996502,0,0.28200235466873474,False,0.6945969971502688,0.19459699715026874,false_negative_v2
email-0051891,"Subject: revealing

Howard said it's pretty amazing what's gone on in a year and he thinks that it really is the beginning of a revolution.
Artie said that he's looking forward to seeing the private jet and people might want to see that on TV. He said that she has gotten upset and he just tells her that they don't have anything to do with her.
They also have couches, bean bags and concerts in the court yard there. Scott said that what Howard has done for the business is great.
He said he went to sleep after that so Howard asked him if he got the runs after eating that. Gary said the guy declined the offer so the guys were going to try to find something else.
The guys got a few laughs watching that video a couple of times.
Artie said that he almost drove himself to a psychiatric hospital yesterday. The moon landing tape wasn't one of them though.
8:30am Artie mentioned that they have that breakfast set up out in the lobby but they'd better hurry up and get something. The Howard on the phone would keep hanging up on him. '' over and over again.
There was quite a bit of bacon on the plate, and it may have been too much even for him. Gary said that he's not bringing his gift to Florida. Artie said he was going to take time to write and do other stuff on the flight down there.
Howard said that the guys from Inside Radio work for terrestrial radio and never point that out when they write negative articles about him and satellite radio.
Howard heard about all of the stuff they have going on down there and it sounds like they have 150,000 square feet with the amount of stuff they have in there.
8:35am Howard took a call from a guy who congratulated him on his year anniversary.
Howard said he's horrible at archiving stuff himself so he hired Jeff Shick and Laura Lackner to do all of that for him.
They had Ray saying no over and over again but he wouldn't take no for an answer.
7:25am Howard had Lisa G come in with her Howard 100 News preview.
Gary warned Howard that it was pretty creepy stuff.
Larry said this was the first time he's ever been on national radio so it was a big deal for him. 7:15am After the break Howard said he had a big announcement to make.
Howard thinks that's a great gift because he's so into chess right now.
Artie mentioned that Ralph has been trying to help him get hooked up with some clothes but now he's starting to sound like he's doing a sales pitch. He had breaded chicken cutlets and two slices of pizza. Howard told Scott he was choked up over this whole thing and thanked him for making everything come true that he promised him. Artie said he wouldn't even know where to get shredded wheat.
Martine for inventing the whole thing. Beetlejuice thought he was on the phone when Sal was standing behind him talking to him as if he was on the phone and Beet though he was actually having a conversation. Scott said that the volume seemed appropriate for him when they set it up but with him singing it may not have been loud enough.
Howard read some news stories and one of them was about this guy who had to be rushed to the hospital when he stapled his hand to a table and got stuck. Howard told Richard to put all of those outtakes back into the call so they can hear it in full.
Artie said he now knows that they're not gay because they didn't commit to actually making out. Howard heard about all of the stuff they have going on down there and it sounds like they have 150,000 square feet with the amount of stuff they have in there.",1,TREC-07,seven-phishing-email,en,24777202affeda324504f96c96209dfddbee0c1d3b42be0fb2511906833c65e7,0.31387229439682063,0,True,0.013339671470629038,0,0.3005326229261916,False,0.6861277056031794,0.18612770560317937,false_negative_v2
email-0004530,"Subject: Transmission Study Now Available!

U.S. Transmission Industry Report Energy Info Source's U.S. Transmission Report is a 550-page, 4 part report which provides all you need to know about the fast ch! anging transmission industry. The report takes a wide-ranging look at changes in the structure of the business, assesses current and projected reliability issues, examines how transmission is effecting bulk power markets, and analyzes the FERC-mandated RTO filings. Now in its 15th year of publication, Wheeling & Transmission Monthly is the only source of comprehensive information on transmis! sion and bulk power filings at the FERC. Every filing at FERC during the past month is summarized, complete with docket number for pulling the entire file. The most important filings are featured in ""Bulk Power Highlights."" WTM also covers the key decisions at FERC, and stories at the Regional Transmission Organizations and Independent System Operators. It is a continuing update to your U.S. Transmission Industry Report. Normally $345, it is FREE with your order of the U.S. Transmission Report. Delivered in pdf format by email. Published by the Power Marketing Association. Click Here to Download Ordering Information, a Complete Table of Cont! ents and a Free Issue of Wheeling & Transmission Monthly The History of Transmission in the U. S. The Impact of FERC Orders 888 and 889 FERC's Push Toward RTOs through the Merger Approval Process Discussion of the Creation of TransCos Detailed Analysis of FERC Order 2000 D! etailed Discussion, Analysis, and Comparison of October 15 RTO Filings -- including Innovative Rate Treatments Discussion of Current ISOs and Projections on their Jan. 15 RTO Filings Listing of FERC Dockets and Policy Statements Regarding RTOs Maps of Proposed TransC0 and RT0 Territories Review of NERC's 2000 Reliability Assessment Review of FERC Investigation of Bulk Power Markets Discussion of California's Wholesale Market Problems Analysis of Pricing Trends and Price Caps in ISOs FERC Action On October 15th RTO Filings Detailed Discussion, Analysis, and Comparison of January 15 RTO Filings Tables of Regional Demand and Capacity Analysis of FERC Conditional Approval of GridSouth TransCo GridSouths Request for Clarification on FERC Order Analysis of FERC Conditional Approval of GridFlorida TransCo Analysis ! of FERC Rejection of Southern Companys SeTrans GridCo Analysis of FERC Directed Changes to Southwestern Power Pool/Entergy Hybrid RTO Proposal Update on Alliance and Midwest ISO Settlement Analysis of FERC Conditional Approval of RTO West History of FERC RTO Activities   Analysis of Southeastern RTO Mediation Report Analysis of Northeastern RTO Mediation Report Update on RTOs - Alliance and Midwest Update on TransCos - ITC, TransLink, and WestConnect Click Here to Download Ordering Information, a Complete Table of Contents and a Free Issue of Wheeling & Transmission Monthly",1,TREC-05,seven-phishing-email,en,ea23098c1511966e52f4a174c9e507fb287bb41863e0bfe1775dd7372e2fa45f,0.32474562644783345,0,True,0.02582712181798175,0,0.2989185046298517,False,0.6752543735521666,0.17525437355216655,false_negative_v2
email-0013312,"Subject: Global Green USA Important Update

GLOBAL GREEN USA AND KEY STAKEHOLDERS JOINTLY RELEASE BASELINE STUDY OF BEVERAGE CONTAINER RECOVERY PROGRAMS

For Immediate Release -

ATLANTA, January 16, 2002 - A unique coalition of industry, governmental agencies and environmental organizations has released a study that, for the first time, provides baseline statistics on the costs, benefits and effectiveness of programs to recover discarded beverage containers for recycling. Understanding Beverage Container Recycling: A Value Chain Assessment is the final report of the Multi-Stakeholder Recovery Project, Stage One. Businesses and Environmentalists Allied for Recycling (BEAR), a project of Global Green USA, launched the initiative last Spring in an effort to bring together long-standing opponents in the battle over different approaches to recycling in a fact-based approach to public policy making. Project participants included The Coca-Cola Company, Waste Management, Inc., Beaulieu of America, Tomra North America, Southeastern Container, GrassRoots Recycling Network and the Container Recycling Institute. The report was prepared by a research consulting!
 team comprising R.W. Beck, Inc., Franklin Associates, Ltd., the Tellus Institute and Sound Resource Management Group. Research was coordinated by the project manager, Boisson & Associates. 

Working intensively over six months, project participants made progress towards their objective of identifying jointly supported policies by participating in a study of existing U.S. recovery programs. 'We made a good start by showing that groups with divergent views can work together and reach substantial agreement,' said Ben Jordan, Environmental Manager for The Coca-Cola Company. 'We didn't agree to recommend any particular program, but we established a model for overcoming the historical entrenchment that has stymied progress for two decades,' according to Rick Best, Board Member of GrassRoots Recycling Network. 

The report is a snapshot of U.S. programs as they operated in 1999, and does not attempt to project how programs would perform if they were to be expanded or replicated in other areas. The report contrasts the effectiveness of different programs in detail, and verifies that deposit systems recover the highest percentage of discarded containers, followed by municipal curbside programs and residential drop-off programs. 'But the cost of recovery programs is more subtle than advocates on either side have been willing to admit,' said Pierre Ferrari, BEAR's Chair. The findings indicate some ways that the costs of deposit and other recycling programs can be reduced. But participants stressed that the report does not attempt to address important implementation questions regarding new or expanded recycling systems. The report also shows the environmental advantages of recycling containers. 'We documented several key benefits in this collaborative process, for example, beverage co!
ntainer recycling saved about 147 trillion BTU in 1999, that's equivalent to over 32 million barrels of oil,' said Matt Petersen, President and CEO of Global Green USA. 

Project participants agreed that there is a need to continue fact-based, collaborative discussions and will invite additional stakeholders to participate. 'The Multi-Stakeholder Recovery Project is a critical component of the movement to secure voluntary, long-term product stewardship agreements in the U.S.,' according to Sherry Enzler, Director of the Minnesota Office of Environmental Assistance. Future efforts are likely to concentrate on addressing stakeholder concerns about different policies. One key issue is the need for aggressive market development initiatives to minimize potential market volatility associated with increasing recovery. 

Businesses and Environmentalists Allied for Recycling, a project of Global Green USA, is a coalition dedicated to increasing the national recycling rate for used beverage containers to 80%. Its members are united by agreement on principles including: minimizing environmental impacts while improving all packaging, creating sustainable jobs and businesses, and working with clarity and honesty to understand costs and evaluate the widest range of policies and practices to achieve its goal. Global Green USA -- created in 1994 as the U.S. affiliate of Mikhail Gorbachev's environmental movement Green Cross International -- works in cooperation with individuals, industry, and government to foster a global value shift toward a sustainable and secure world. The report, and additional information on the project, are available on BEAR's website at www.globalgreen.org/bear.

-------------------------------------------------------------------

GLOBAL GREEN USA, The US Affiliate of Green Cross International

Global Green USA works in cooperation with individuals, industry, and 
government to foster a global value shift toward a sustainable and secure 
world.

Acting as a catalyst, facilitator, and mediator, Global Green USA encourages 
collaborative approaches and crosscutting solutions to environmental 
challenges.

Copyright (c) 2002, Global Green USA - the US affiliate of Green Cross
International

See what's new on our web site: http://www.globalgreen.org/

-------------------------------------------------------------------

-----------------------------------------------------------
If you would like to change your preferences or unsubscribe at 
any time, please go to the following URL: http://www.globalgreen.org/news/pref.cfm?uid=679935885920014802998714440.",1,TREC-05,seven-phishing-email,en,76087dbdb2c468d97137197befb676ec432156753733395af9634e88ee479168,0.33453157293557917,0,True,0.020808039070446236,0,0.3137235338651329,False,0.6654684270644209,0.16546842706442083,false_negative_v2
email-0135299,"Subject: cfp : int . conf . on web delivering of music , wedelmusic 2004 , barcelona , spain

sorry for any multiple reception of this message .
if you do not want to receive further information about wedelmusic 2004 , please send back an email with remove on the subject .
the topics of this e - mail are :
call for papers , submission deadline : 27 th february 2004
4 th international conference on web delivering of music , wedelmusic 2004
universitat pompeu fabra , barcelona , spain
13 th - 15 th september 2004
call for contribution , submission within the 10 th of february
3 rd open workshop musicnetwork , munich , march 2004
mpeg ahg on music notation requirements
13 - 14 of march 2004 , munich , germany
announcement of co - location of
4 th open workshop musicnetwork
universitat pompeu fabra , barcelona , spain
14 th - 16 th september 2004
cheers ,
paolo nesi , jaime delgado , kia ng
call for papers
4 th international conference on web delivering of music , wedelmusic 2004
universitat pompeu fabra , barcelona , spain
13 th - 15 th september 2004
http : / / www . upf . edu / wedelmusic 2004 / http : / / www . wedelmusic . org /
content distribution is presently not anymore limited to music and is becoming more
cross media oriented . new distribution models for old and new content formats are
opening new paths : i - tv , mobile phones , pdas , etc . the development of the internet
technologies introduces strong impact on system architectures and business processes . new national and international regulations , policies and market evolution are
constraining the distribution mechanisms . novel distribution models , development
and application of pervasive computing and multimedia strongly influence this multi -
disciplinary field . the need of content control and monitoring is demanding effective
digital rights management ( drm ) solutions integrated with sustainable business and
transaction models . these technologies impact on the production and modelling of
cross media content .
wedelmusic - 2004 aims to explore these major topics in cross media field , to address
novel approaches for distributing content to larger audiences , providing wider access
and encouraging broader participation . the impact of these developments on cultural
heritage is also considered , together with their availability to people with limited access to content .
the conference is open to all the enabling technologies behind these problems . we
are promoting discussion and interaction among researchers , practitioners , developers ,
final users , technology transfer experts , and project managers .
topics
topics of interest include , but are not restricted to :
- - protection formats and tools for music
- - transaction models for delivering music , business models for publishers
- - copyright ownership protection
- - digital rights management
- - high quality audio coding
- - watermarking techniques for various media types
- - formats and models for distribution
- - music manipulation and analysis , transcoding , etc . .
- - music and tools for impaired people - braille
- - publishers and distributors servers
- - cross media delivery on multi - channel systems , mobile , i - tv , pdas , internet , etc .
- - automatic cross media content production
- - mpeg - 4 , mpeg - 7 and mpeg - 21
- - viewing and listening tools for music
- - music editing and manipulation
- - music education techniques
- - content based retrieval
- - conversion and digital adaptation aspects , techniques and tools
- - music imaging , music sheet digitalisation ,
- - solutions for cultural heritage valorisation
see for other topics the web site .
research papers
papers should describe original and significant work in the research and practice
of the main topics listed above . research case studies , applications and experiments
are particularly welcome . papers should be limited to approx . 2000 - 5000 words
( 8 pages ) in length . of the accepted paper , 8 pages will be published in the conference
proceedings . the conference proceedings book will be published by the ieee computer
society .
industrial papers
proposals for papers and reports of applications and tools are also welcome .
these may consist of experiences from actual utilisation of tools or industrial
practice and models . proposals will be reviewed by the industrial members of the
program committee . papers should be limited to approx . 1000 - 2500 words ( 4 pages )
in length . of the accepted paper , 4 pages will be published in the conference
proceedings .
submissions
all submissions and proposals should be written in english following the ieee
format and submitted in pdf format via email to
wedelmusico 4 - submission @ altair . upf . edu
by 27 th feb 2004 .
4 th open workshop musicnetwork
universitat pompeu fabra , barcelona , spain
14 th - 16 th september 2004
more details and the call for contribution will appear on :
http : / / www . . org
after the 3 rd open workshop as described in the following section
the access is free of charge , supported by the european commission .
call for contribution
3 rd open workshop musicnetwork , munich , march 2004
mpeg ahg on music notation requirements
13 - 14 of march 2004 , munich , germany
http : / / www . . org
located at :
technische universit?t m?nchen , germany : http : / / www . mpeg - 68 . de / location . php
the open workshop of musicnetwork is at its third edition . the modeling ofmusic
notation / representation is a complex problem . music representation can be used
for several different purposes : entertainment , music education , infotainment ,
music archiving and retrieval , music querying , music production , music profiling ,
etc . in the current internet and multimedia age many other applications are
strongly getting the market attention and most of them will become more diffuse
of the present applications in short time . end users have discovered the multimedia
experience , and thus , the traditional music models are going to be replaced by
their integration with multimedia , audio visual , cross media . at present , there is
a lack of music notation / representation standard integrated with multimedia . the
aim of this workshop is to make a further step to arrive at standardizing a music
notation / representation model and decoder integrated into the mpeg environment ,
that presently can be regarded as the most active and powerful set of standard
formats for multimedia consumers .
the topics of the workshop are related mainly focused on :
- - music notation / representation requirements
- - music protection and distribution
- - music description and its usage on archive query
please contribute with your work on the above topics , for details see the www site
of the workshop .
the access is be free of charge , supported by the european commission .
4 th open workshop musicnetwork
universitat pompeu fabra , barcelona , spain
14 th - 16 th september 2004
more details and the call for contribution will appear on :
http : / / www . . org
after the 3 rd open workshop as described in the following section
the access is be free of charge , supported by the european commission .",1,Enron,seven-phishing-email,en,1309460df37ecae0d6d43ff33b089e0a943819127c3017cf27a957f1bacce93e,0.3190907658831013,0,True,0.07178338563292105,0,0.24730738025018026,False,0.6809092341168987,0.1809092341168987,false_negative_v2
email-0014827,"Subject: many

Below seems be great testing built test machine.
Machines, up task quotaero glassquot interface dualcore nvidia.
Fix theming, clipbar like!
Too loud or soft lets.
Many are asking us if runs well. Onetime only this issue will resolved before, general. Bars bottom explorer sometimes. When zdnet, tested apparently their sounds quieted down. Of time effort jim sewell, computing solutions, more. Make, sure its disable annoying, uac popups andrei.
Support, fca, special clipmate.
Runs well should, we wont let microsoft ship unless. Uac popups, andrei latest version release?
To, change from one ftp client, program, another with. Notes aolca has damaged error. End install you must. Causing trouble crashes use even good.
Ftp client program another with, about. Issue will resolved before general! Latest version release notes aolca has damaged error.",1,TREC-07,seven-phishing-email,en,ded1f5508cb64171e83743e462f89493c978358961b2d462a95e68593f4abfbf,0.3467956063486622,0,True,0.0031237042390003223,0,0.34367190210966186,False,0.6532043936513379,0.1532043936513378,false_negative_v2
email-0071364,"Subject: (no subject)

Re: Student Packets

Welcome to winter term student packet preparations! First: Fax (485-6253) or 
email (Copy-Shop@worldnet.att.net) JUST your bibliography to The Copy Shop so 
we can get your copyright clearances done. The earlier the better. As usual, 
we will work with you to get the packets set up the way you like.

We would like to thank the professors who have already gotten their packets 
in and want to assure each of you; the materials will be ready for your 
students the first day of classes with all the clearances in place.

Thank you, everyone for your continued business.

Erica",1,TREC-06,seven-phishing-email,en,9a944b6414cbbc5a9c19a98487a8091def6e7b3d754d6e90a779a1aa3d4eb253,0.2768759199569333,0,True,0.31390426332118876,0,0.03702834336425548,False,0.7231240800430667,0.22312408004306672,false_negative_v2
email-0089559,"Subject: chemist's news item: unique discounts.

sister Whores point, on the sawdust, and a
says: JOE says JOE.",1,TREC-07,seven-phishing-email,en,6351211d380a8304f73c1e8bc059e4afb2229b637a0032d2fa8bd44417e5f2e0,0.34326797107427026,0,True,0.04085573206603383,0,0.30241223900823644,False,0.6567320289257297,0.15673202892572974,false_negative_v2
email-0121487,"Subject: ISI Economy, Money and Markets

Dear Equity,

Good morning,

I hope you were out shopping this weekend; the sales even got me out. 

We will have a special installment of out Retail Survey this afternoon to
see how this weekend went. Hopefully the relative strength reported by
TeleCheck will be confirmed. 

The feeling here is Holiday sales and 4Q GDP will surprise, and be strong
versus expectations. We raised our estimate for 4Q GDP from -2% to -1%.
The next two week's data should determine whether or not we are correct.

The weekly report builds on the ""over but not finished"" theme we debuted
last week. The evidence we've had over the last 7 weeks suggests the
recession is ending. We expect this quarter and next to surprise versus
the consensus, but then in 2H02, the relative strength should peter-out.
The first 7 pages cover this theme and page 6 has the table we love to put
out comparing 4Q retail sales and the Wilshire.

Ed and Nancy spent more time on the previous ""hiccups"" in bond yields and
what their causes were. The only thing they could come up with were
rallies in the stock market. Our estimate for the 10 yr has also been
changed - we now have yields rising to 5.5% in 2Q and falling to 5.3% in 3Q. 

If there is any political risk to the market, it is that it gets jitters
about the stimulus package. Tom Gallagher reports both parties are acting
surprisingly partisan, but he still bets there is a 2/3 chance the bill
gets done. Andy Laperriere reports on the Hill - the terrorism insurance
bill should get done in the House this week, benefiting AIG, ALL, CB, and
BRK. Andy also has a useful table of which AIRLINE is getting how much of
the first half of the bailout. 

Finally, Jim is looking at this market in an ""absolute vs. relative"" manor.
 Yes, valuations are high. But there is a lot of liquidity out there (also
highlighted in the EMM) and there is evidence of it ""trickling down"" into
the high yield and junk markets. This liquidity makes Jim comfortable with
the idea of the market being able to go a little bit higher in the short
term. 

Have a great day. 

 TABLE OF CONTENTS

p.3....MORE END OF RECESSION EVIDENCE

p.7....Next Two Weeks Likely To
 Determine 4Q Real GDP

p.8....LIQUIDITY DRIVEN STOCK MARKET

p.9....SYNCHRONIZED GLOBAL RECOVERY

p.10...DEFLATIONARY BOOM?

Please click below for the entire ECONOMY, MONEY & MARKETS report.

http://www.isigrp.com/isip/lib21/1723/31632/11-26emm.html

If you have problems working with PDF files integrated in your browser,
then click below to access the link in a way that will let you save the
file to disk before viewing or printing it.

http://www.isigrp.com/isip/down/1723/31632/11-26emm.pdf

 All the best,

 Freddy Victoria
 212/446-9413",1,TREC-05,seven-phishing-email,en,aa1bf2642b88a95a354a22379b25a7ff071aee478fcac75a45eaa7b0c4708115,0.3276811549951291,0,True,0.09522956754892258,0,0.23245158744620653,False,0.6723188450048709,0.17231884500487088,false_negative_v2
email-0051087,"Subject: Possible data loss.

Hyper Wallet Inc. Dear Member, We wish to inform you that we are undergoing system maintenance on our backbone data servers, due to some complaints that we have received regarding our users information being lost / altered we ask you to login into your account at the URL provided bellow and check to see if your information is correct. If there is any  wrong personal information please call our support center to correct the problem as soon as possible. https://www.hyperwallet.com/index.jsp HyperWallet Systems Inc. apreciates your quick response in this matter.",1,TREC-06,seven-phishing-email,en,9dd04523280c478993cb7ab669ed203e0c4d12687bd21a6697ad1cbda834e3f7,0.3216515548336988,0,True,0.13681426935240212,0,0.18483728548129666,False,0.6783484451663012,0.17834844516630122,false_negative_v2
email-0124379,"Subject: Re: Lucile Camacho

Helloj Here is the information we talked about last weekm Sorry this link so long to sendo kPress Here For More Infof If you have any questions please let us knowi Thank youe Cathryn Bolden     The Swedish government said on Monday that 827 people have been confirmed missing in the Asian tsunami among the 2,322 reported cases. Viacom Co-President Tom Freston is trying to shake up Paramount Pictures by hiring an outsider to run the 92-year-old studio. On Monday, Freston continued negotiations with Brad ...In a blow to smug teetotalers everywhere, men who enjoy one or two hard drinks a day three to four times a week were found to have a 32 percent lower risk of stroke than guys who don't drink at all, according to a new study.",1,TREC-05,seven-phishing-email,en,d071c2c84c0b21834af7d570c447bcff1755b3818ec477ce8494e51de787ce4a,0.34870094919827394,0,True,0.0959117335571329,0,0.25278921564114104,False,0.651299050801726,0.15129905080172606,false_negative_v2
email-0059467,"Subject: ISI Economy, Money and Markets

Dear Equity,

Good morning, 

I hope you had a god weekend. I was finally able to catch up on all the
gimmicks being thrown around to jump-start the economy. Have you seen the
one that would temporarily suspend sales taxes, a la 0.0% financing on
autos? What the politico's should really do is get some ideas from the
organizers of the Victoria's Secret (no, there's no relation unfortunately)
TV show or the Britney Spear's HBO show. Have you seen the ratings on
those!? That seems to be what is drawing the American consumer these days. 

But despite that being still up in the air, it looks like the economy is in
the process of bottoming anyway. Stocks have continued to rally, oil is
below $18, commodities have rallied, money is up and so is refi. If we
could only get the surveys to behave, we'd be very happy. Interest rates
had been falling up until last week when the backed up. This was largely
interpreted as the bond market smelling the economic recovery. If rates
get too high, it could obviously be a problem, but this ""hiccup"" in rates
is something we have seen before in periods of transition. Page 3
highlights the ""hiccups"" in the past when you had the economy shifted from
a recession to a recovery. 

Another big question on everyone's mind is Holiday Sales. They are widely
expected to be weak, weak, weak. So where does that leave room for a
surprise? on the upside. Turn to page 6 for all the positives that could
help Holiday Sales. I for one am not expecting a lump of coal. 

The political report highlights the effects of the war in Afghanistan on
globalization. Despite all the initial doom-and-gloom, it looks like it
has actually pushed global cooperation along. 

Jim Moltz thinks the market is just about fairly valued here at about 22
times 2002 earnings. That being said, he also thinks the liquidity
available out there will drive the market higher when those assets start to
actively look for higher yielding instruments. Some of that could be into
the long end of the curve if rates stay higher, but some will also be into
the equity markets. Jim also tweaked his operating earnings estimate for
2001 from $38 to $39.50. 2002 is still at $50. 

Have a great week and a very happy Thanksgiving. If there is anything I
can do, I will be in so please just let me know. 

 

TABLE OF CONTENTS

p.3....BOND YIELDS ERRATIC IN THE LAST WEEKS OF
 RECESSION AND EARLY MONTHS OF RECOVERY,
 BUT A HICCUP IS TYPICAL.

p.4....MORE EVIDENCE OF THE U.S. ECONOMY BOTTOMING

p.6....HOLIDAY SALES HELPED BY
 REFI, OIL, TAX CUTS, AND STOCKS.

p.7....END OF RECESSION VECTOR

p.9....SYNCHRONIZED DISINFLATION/DEFLATION

Please click below for the entire ECONOMY, MONEY & MARKETS report.

http://www.isigrp.com/isip/lib21/1680/31632/11-19emm.html

If you have problems working with PDF files integrated in your browser,
then click below to access the link in a way that will let you save the
file to disk before viewing or printing it.

http://www.isigrp.com/isip/down/1680/31632/11-19emm.pdf

 All the best,

 Freddy Victoria
 212/446-9413",1,TREC-05,seven-phishing-email,en,8877de5533cf07c55edff3e4bfa0cf1a286ded7e096f599083e6ca968e1330fb,0.34812762326771196,0,True,0.2150498722815505,0,0.13307775098616145,False,0.651872376732288,0.15187237673228804,false_negative_v2
email-0170262,"from fanny , recommending nek dear sir or madam , this is not a "" spam "" message . we are sending it on behalf of a nek player , whose nickname appears in the subject line above , and who provided your e-mail address and requested that we send you a recommendation . for more information and to download a fully functional trial copy , please visit http : / / www . nekonline . com . nek is an action / puzzle game that plays exactly like the famous tetris game . nek however adds a lot of depth and excitement by allowing up to 11 people to play competitively in the same game . by completing lines in the puzzle , players automatically trigger "" weapons "" and "" defenses "" in their opponents ' games with hilarious effects . many people have raved about nek , and we hope that you too will enjoy the game tremendously . you can participate in multiplayer nek games for free on mplayer . com at http : / / www . mplayer . com , and on at&t gamehub at http : / / www . gamehub . net . thank you , elias assad for oceanus communications inc . p . s . here are but a few of the messages we regularly receive from nek players : * * * * * * * * * * * * * * * * * * * hello , and _ thank you _ for a fantastic game . my wife and i spend many hours competing on the hand to hand game . and we have a question for you : in standard tetris the goal is of course to accumulate as many points as possible . in nek the goal also is to stay alive . when playing hand-to - hand game what would be the parameter to decide who wins . we are now talking of a scenario where a has the most points but dies , and b is alive but has fewer points . . . . this is really becoming an issue in the househould : - ) , so if you could please give us your expert opinion , we would be very grateful ! [ ed . note : the answer to the question in this message appears on the web site . ] kind regards jesper & annette skovlund , denmark * * * * * * * * * * * * * * * * * * * thank you very much ! nek is such an amazing game ; the ease of tetris with the added element of multiplayer network attack . please let me know when version 2 is available ; i can't wait to buy it . thanks again , mike * * * * * * * * * * * * * * * * * * * wow . . this game is phat . . . . i have been playing tetrinet for a while , but this blows it away in every possible area . worth the time d / ling many times over ! ! ! joshua peters * * * * * * * * * * * * * * * * * * * i ' ve just tried playing nek , and i love it ! one thing - - would it be possible to have an option for the pieces to rotate in the opposite direction ? [ ed . note : this was introduced in the current version 2 . 0 of nek . ] the tetris game i ' m used to rotates them the other way ( clockwise / anti-clockwise ) this would also make a nice weapon if it could also happen randomly . . . thanks again ! simon hurr * * * * * * * * * * * * * * * * * * * tetris is a trademark of the tetris company . nek is a product of oceanus communications inc . and is not manufactured , distributed or endorsed by the tetris company",1,zefang-phishing-email,zefang-phishing-email,en,baeb65682c083f95eae47d6284db4ff50bcf9dbdb81fb3ab8485c622f7ebfc84,0.3337462270383371,0,True,0.2867890286687043,0,0.0469571983696328,False,0.6662537729616629,0.16625377296166288,false_negative_v2
