id,text,label,source,source_group,language,text_hash,v2_phishing_probability,v2_prediction,v2_error,v1_phishing_probability,v1_prediction,v1_v2_probability_gap,v1_v2_prediction_disagreement,hardness,distance_from_boundary,mining_reason
email-0115134,"Subject: WestPricesForRita

<> WestPricesForRita",0,TREC-05,seven-phishing-email,en,239b8c89edd508e09668be7198171879609731ff8e402f9773c0bb9a966f9351,0.9999999989687383,1,True,0.7463507208015406,1,0.2536492781671976,False,0.9999999989687383,0.49999999896873826,false_positive_v2
email-0129464,"Subject: kase and company derivatives for energy professionals april 9 - 10

kase ' s
derivatives for energy professionals
april 9 - 10 , 2002
register
for more than one person or register for both classes
and receive the two for
one discount
learn technical analysis is scheduled for june
derivatives
for energy professionals
april 9 - 10 , 2002
the
energy markets have experienced tremendous price
fluctuations over the past few years as well as upheaval
in the over - the - counter markets .
the need for energy professionals to understand
derivatives , and to measure and mitigate risk is even
greater than ever .
valuing
market risk
buying
and selling forward
hedging
long and short positions
hedging
spreads and basis
volatility
and options
hedging
with options
hedging
with exotics
dealing
with credit risk
april
9 - 10 , 2002
early
bird discount until march 11
houston , texas
click here for more information
click here to register
learn
technical analysis
june
11 - 12 , 2002
in today ' s volatile energy markets , those who are able to
make objective buy and sell decisions can make significant
profits and greatly improve cash flow for themselves or their companies .
charting
basics , types of charts , support and resistance
when to
buy or sell
when to
exit based on signals
how to
exit based on stops
chart
patterns and forecasting basics
statistical
hedging
june 11 - 12 , 2002
early bird discount until may 13
houston , texas
click here for more information
click here to register
if you do not wish to receive kase and
company , inc . e - mail please reply to this message with unsubscribe in the
subject line",0,Enron,seven-phishing-email,en,b0717f99a00623d8f49027e661e6fdd0eff0768ca86c95a63a785f18ee70f088,0.8426438309676759,1,True,0.015346384542899561,0,0.8272974464247763,True,0.8426438309676759,0.3426438309676759,false_positive_v2
email-0050037,"Subject: requested info

Try this one",0,TREC-05,seven-phishing-email,en,26b9bdc13e53bddb7c2c68d5adbab018f33c9ac0ec7b4bfedce50db81347443c,0.9946624456388191,1,True,0.9960537635625201,1,0.001391317923700952,False,0.9946624456388191,0.4946624456388191,false_positive_v2
email-0157501,"Subject: Proposition

HEALTH: A NEW NATURAL HELP
 
To the product Manager

The customers demand for natural products is increasing steadily, and Aromatherapy is becoming an important part of the pharmacopoeia.
The Aromagica line of products is the outstanding result of over 10 years of research blending old age traditions from as far back as the 14th Century with modern scientific research. A team of eight French M.D. formulated these products based on the greatest challenges faced by modern man in daily life :

Weight loss: SNACK NO MORE
Sex help: SENSUAL AROUSAL
Better sleep: RESTFUL SLUMBER
Quit smoking: LIVE OR SMOKE
Stress relief: STRESS NO MORE
Fight Drowsiness: STAY ALERT

100% Natural and very effective.

We are looking for retailers on internet or stores or partnerships.

We are the leading manufacturers for these new products, and we now offer a more comprehensive service with our website: www.aromagica.com.. We think this new line will meet your requirements.
Please feel free to ask for further information by contacting us by Email : loscorp@aromagica.com
Yours faithfully, 

Vincent Naurais
VP Product Marketing

This Email is a serious proposition, with no intention to bother you.
For any complaints, please Email us pierre@aromagica.com",0,TREC-06,seven-phishing-email,en,7b0bcab0428b6f1363f863b8251fb839dc19a0fe5cbd4a833ecc56d7e42f452a,0.9792135790005355,1,True,0.9996620499018327,1,0.0204484709012972,False,0.9792135790005355,0.4792135790005355,false_positive_v2
email-0015281,"Subject: I made $230,000 in two months

You owe it to yourself and your wealth to read this.

AS SEEN ON NATIONAL TV:

""Making over half a million dollars every 4 to 5 months
from your home for an investment of only $25 U.S. Dollars expense 
one time""

THANKS TO THE COMPUTER AGE AND THE INTERNET!

BE A MILLIONAIRE LIKE OTHERS WITHIN A YEAR!!

Before you say ""bull"", please read the following. This is
the letter you have been hearing about on the news lately.
Due to the popularity of this letter on the Internet, a national 
weekly news program recently devoted an entire show to the 
investigation of this program described below, to see if it 
really can make people money.

The show also investigated whether or not the program was legal. 
Their findings proved once and for all that there are ""absolutely 
NO laws prohibiting the participation in the program and if 
people can follow the simple instructions, they are bound to make 
some mega bucks with only $25 out of pocket cost"".

DUE TO THE RECENT INCREASE OF POPULARITY & RESPECT 
THIS PROGRAM 
HAS ATTAINED, 
IT IS CURRENTLY WORKING BETTER THAN EVER.

This is what one had to say:

""Thanks to this profitable opportunity. I was approached
many times before but each time I passed on it. I am so
glad I finally joined just to see what one could expect
in return for the minimal effort and money required. To
my astonishment, I received total $610,470.00 in 21 weeks,
with money still coming in"".
Pam Hedland, Fort Lee, New Jersey.

Here is another testimonial:
""This program has been around for a long time but I never 
believed in it. But one day when I received this again in the 
mail I decided to gamble my $25 on it. I followed the
simple instructions and walaa 3 weeks later the money
started to come in. First month I only made $240.00 but
the next 2 months after that I made a total of $290,000.00.
So far, in the past 8 months by re-entering the program, I
have made over $710,000.00 and I am playing it again. The
key to success in this program is to follow the simple
steps and NOT change anything.""

More testimonials later but first,

PRINT THIS NOW FOR YOUR FUTURE REFERENCE

If you would like to make at least $500,000 every 4 to 5
months easily and comfortably, please read the following..
THEN READ IT AGAIN and AGAIN!!!

FOLLOW THE SIMPLE INSTRUCTION BELOW AND YOUR 
FINANCIAL DREAMS 
WILL COME TRUE, 
GUARANTEED!

INSTRUCTIONS:

Order all 5 reports shown on the list below.

For each report send $5 CASH, THE NAME & NUMBER OF THE
REPORT YOU ARE ORDERING and YOUR E-MAIL ADDRESS to the
person whose name appears ON THAT LIST next to the report.

MAKE SURE YOUR RETURN ADDRESS IS ON YOUR ENVELOPE 
TOP LEFT CORNER 
in case of any mail problems.

When you place your order, make sure you order each of the
5 reports. You will need all 5 reports so that you can save them 
on your computer and resell them. YOUR TOTAL COST $5 X 5 = 
$25.00.

Within a few days you will receive, via e-mail, each of the 5 
reports from these 5 different individuals. Save them on your 
computer so they will be accessible for you to send to the 
1,000's of people who will order them from you. Also make a 
floppy of these reports and keep it on your desk.

****IMPORTANT - DO NOT alter the names of the people who are 
listed next to each report or their sequence on the list in any 
way other than what is instructed below in step 1 through 6 or 
you will lose out on the majority of your profits. Once you 
understand the way this works you will also see how it does not 
work if you change it.

Remember, this method has been tested, and if you alter it, it 
will NOT work!!! People have tried to put their friends/relatives 
names on all five thinking they could get all the money. But it 
does not work this way. Believe us, we all have tried to be
greedy and then nothing happened. So Do Not try to change
anything other than what is instructed. Because if you do, it 
will NOT work for you. Remember, honesty reaps the rewards!!!

1. After you have ordered all 5 reports, take this advertisement 
and REMOVE the name & address of the person in REPORT #5. This 
person has made it through the cycle and is no doubt counting 
their fortune.

2. Move the name & address in REPORT #4 down TO REPORT #5.

3. Move the name & address in REPORT # 3 down TO REPORT #4.

4. Move the name & address in REPORT #2 down TO REPORT #3.

5. Move the name & address in REPORT # 1 down TO REPORT #2

6. Insert YOUR name & address in the REPORT # 1 Position.

PLEASE MAKE SURE you copy every name & address ACCURATELY!

Take this entire letter, with the modified list of names, and 
save it on your computer. DO NOT MAKE ANY OTHER CHANGES. 
Save 
this on a disk as well just in case if you loose any data.

To assist you with marketing your business on the internet, the 5 
reports you purchase will provide you with invaluable marketing 
information which includes how to send bulk e-mails legally, 
where to find thousands of free classified ads and much more.

There are 2 Primary methods to get this venture going:

METHOD # 1: BY SENDING BULK E-MAIL LEGALLY

Let's say that you decide to start small, just to see how it 
goes, and we will assume you and those involved send out only 
5,000 e-mails each. Let's also assume that the mailings receive 
only a 0.2% response (the response could be much better but let's 
just say it is only 0.2%. Also many people will send out 
hundreds of thousands e-mails instead of only 5,000 each).

Continuing with this example, you send out only 5,000 e-mails. 
With a 0,2% response, that is only 10 orders for report # 1. 
Those 10 people responded by sending out 5,000 e-mails each for a 
total of 50,000. Out of those 50,000 e-mails only 0.2% responded 
with orders. That's = 100 people responded and ordered Report # 
2. Those 100 people mail out 5,000 e-mails each for a total of 
500,000 e-mails. The 0.2% response to that is 1000 orders for 
Report # 3. Those 1000 people send out 5000 e-mails each for a 
total of 5 million e-mails sent out.

The 0.20% response to that is 10,000 orders for Report #4. Those 
10,000 people send out 5,000 e-mails each for a total of 
50,000,000 (50 million) e-mails. The 0.2% response to that is 
100,000 orders for Report #5.

THATS 100,000 ORDERS TIMES $5 EACH = $500,000.00 (half 
million).

Your total income in this example is:
1 $50 +
2 $500 +
3 $5,000 +
4 $50,000 +
5 $500,000 Grand Total = $555,550.00

NUMBERS DO NOT LIE. GET A PENCIL & PAPER AND FIGURE OUT 
THE WORST 
POSSIBLE RESPONSES AND NO MATTER HOW YOU CALCULATE 
IT, YOU WILL 
STILL MAKE A LOT OF MONEY!

REMEMBER FRIEND, THIS IS ASSUMING ONLY 10 PEOPLE 
ORDERING OUT OF 
5,000 YOU MAILED TO.

Dare to think for a-moment what would happen if everyone, or half 
or even one 4th of those people mailed 100,000 e-mails each or 
more? There are over 150 million people on the internet worldwide 
and counting.

Believe me, many people will do just that and more!

METHOD #2 BY PLACING FREE ADS ON THE INTERNET

Advertising on the net is very, very inexpensive and there are 
hundreds of FREE places to advertise. Placing a lot of free ads 
on the Internet will easily get a larger response. We strongly 
suggest you start with Method # I and add METHOD #2 as you go 
along.

For every $5 you receive, all you must do is e-mail them the 
Report they ordered. That's it. Always provide same day service 
on all orders. This will, guarantee that the e-mail they send 
out, with your name and address on it, will be prompt because 
they can not advertise until they receive the report.

AVAILABLE REPORTS

ORDER EACH REPORT BY ITS NUMBER & NAME ONLY.

Notes: Always send $5 cash for each Report. Checks NOT accepted. 
Make sure the cash is concealed by wrapping it in at least 2 
sheets of paper. On one of those sheets of paper write the NUMBER 
& the NAME of the Report you are ordering, YOUR E-MAIL ADDRESS 
and your name and postal address.

PLACE YOUR ORDER FOR THESE REPORTS NOW-

REPORT #1: ""The Insider's Guide to Advertising for
Free on the Net""
Order Report #1from:

Michael Wilson
1825 N Normandie Ave, #F
Los Angeles, CA 90027
USA
_______________________________________________
REPORT # 2:The Insider's Guide to Sending
Bulk e-mail on the Net.""
Order Report # 2 from:

Charles Evans
9 Kersey
Stantonbury
Milton Keynes
MK14 6AF
United Kingdom
________________________________________________________
REPORT # 3: ""Secret to Multilevel Marketing on the
Net""
Order Report # 3 from :

Witold Stawarz
1455 Tallevast Road
Suite L8369
Sarasota, FL 34243
USA
____________________________________________
REPORT # 4: ""How to become a Millionaire Utilizing
MLM and the Net.""

Order Report # 4 from:

J.Z.
Kolonia Browar 55
34-300 Zywiec
Poland _____________

_________________________________________________________
__
REPORT # 5: ""How to Send Out One Million e-mails for FREE"" Order 
Report # 5 from:

John Gerken
Box 703
401 Pine Street
Abilene, Texas 79601
USA

YOUR SUCCESS GUIDELINES

Follow these guidelines to guarantee your success:

If you do not receive at least 10 orders for Report #1 within 2 
weeks, continue sending e-mails until you do.

After you have received 10 orders: 2 to 3 weeks after that you 
should receive 100 orders or more for REPORT #2. If you did not, 
continue advertising or sending e-mails until you do.

Once you have received 100 or more orders for Report # 2, YOU CAN 
RELAX, because the system is already working for you and the cash 
will continue to roll in THIS IS IMPORTANT TO REMEMBER: Every 
time your name is moved down on the list you are placed in front 
of a different report. You can KEEP TRACK of your PROGRESS by 
watching which report people are ordering from you. IF YOU WANT 
TO GENERATE MORE INCOME SEND ANOTHER BATCH OF E-
MAILS AND START 
THE WHOLE PROCESS AGAIN. There is NO LIMIT to the income you 
can 
generate from this business.

FOLLOWING IS A NOTE FROM THE ORIGINATOR OF THIS 
PROGRAM:

""You have just received information that can give you financial 
freedom for the rest of your life, with NO RISK and JUST A LITTLE 
BIT OF EFFORT You can make more money in the next few weeks and 
months than you have ever imagined.

Follow the program EXACTLY AS INSTRUCTED. Do Not change it in 
any 
way. It works exceedingly well as it is now. Remember to e-mail a 
copy of this exciting report after you have put your name and 
address in Report #1 and moved the others to #2 - # 5 as 
instructed above. One of the people you send this to may send out 
100,000 or more e-mails and your name will be on everyone of 
them. Remember though, the more you send out the more potential 
customers you will reach.

So my friend, I have given you the ideas, information, materials 
and opportunity to become financially independent. IT IS UP TO 
YOU NOW!

MORE TESTIMONIALS

My name is Mitchell. My wife, Jody and I live in Chicago. I am an 
accountant with a major U.S. Corporation and I make pretty good 
money. When I received this program I grumbled to Jody about 
receiving ""junk mail"". I made fun of the whole thing, spouting my 
knowledge of the population and percentages involved. I ""knew"" it 
wouldn't work. Jody totally ignored my supposed intelligence and 
few days later she jumped in with both feet. I made merciless fun 
of her, and was ready to lay the old ""I told you so"" on her when 
the thing didn't work. Well, the laugh was on me within 3 weeks 
she had received 50 responses. Within the next 45 days she had 
received a total of$ 147,200.00 all cash! I was shocked. I have 
joined Jody in her ""hobby"" Mitchell Wolf M.D. Chicago, Illinois

Not being the gambling type, it took me several weeks to make up 
my mind to participate in this plan. But conservative that I am, 
I decided that the initial investment was so little that there 
was just no way that I wouldn't get enough orders to at least get 
my money back.

I was surprised when I found my medium size post office box 
crammed with orders. I made $319,210.00 in the first 12 weeks. 
The nice thing about this deal is that it does not matter where 
people live. There simply isn't a better investment with a faster 
return and so big. Dan Sondstrom, Alberta, Canada

""I had received this program before. I deleted it, but later I 
wondered if I should have given it a try. Of course, I had no 
idea who to contact to get another copy, so I had to wait until I 
was e-mailed again by someone
else. 11 months passed then it luckily came again I did not 
delete this
one! I made more than $490,000 on my first try and all the money 
came within 22 weeks"". Susan De Suza, New York, N.Y

""It really is a great opportunity to make relatively easy money 
with little cost to you. I followed the simple instructions 
carefully and within 10 days the money started to come in. My 
first month I made $ 20, 560.00 and by the end of third month my 
total cash count was $362,840.00. Life is beautiful, Thanx to the 
internet"". Fred Dellaca1 Westport, New Zealand

Your local bank or post office can help you exchange local 
currency in to US retain the system in US Dollars so we are all 
on the same playing field.

Good Luck, it really works.

ORDER YOUR REPORTS TODAY AND GET STARTED ON YOUR 
ROAD TO 
FINANCIAL FREEDOM!

If you have any questions of the legality of this program, 
contact the Office of Associate Director for Marketing Practices, 
Federal Trade Commission, Bureau of Consumer Protection, 
Washington, D.C.

ONE TIME MAILING, NO NEED TO REMOVE",0,TREC-06,seven-phishing-email,en,d812abc6171891936d67ad682b95f69f6b29b50885a79b2b7ae739cc08fce151,0.9760400012333944,1,True,0.9995247934716635,1,0.023484792238269048,False,0.9760400012333944,0.4760400012333944,false_positive_v2
email-0093891,"Subject: Nana debt

Take $20 off nana money
Lyv.
Xoxo",0,CEAS-08,seven-phishing-email,en,d99041629f7744a521639887de05df7f14f44648044062a8887e9a3f3d70192c,0.9754775583630213,1,True,0.9986537414587859,1,0.023176183095764635,False,0.9754775583630213,0.4754775583630213,false_positive_v2
email-0125804,"Subject: I want my two dollars!

Name the movie.",0,TREC-05,seven-phishing-email,en,d4d3fad9f825c668ff106a76809dfef4d698fa3a6de3453f893ea166aeedfbf4,0.970094165880659,1,True,0.9973795346866691,1,0.02728536880601007,False,0.970094165880659,0.470094165880659,false_positive_v2
email-0092246,"Subject: We Need Homeworkers!!

Dear Future Associate,

You Can Work At Home & Set Your Own Hours. Start earning Big 
Money in a short time
 
 NO Newspaper Advertising!

Your job will be to stuff and mail envelopes for our company. You 
will receive $.25 for each and every envelope you stuff and mail 
out.

Just follow our simple instructions and you will be making money 
as easy as
1 2 3

For example stuff and mail 200 envelopes and you will receive 
$50.00. Stuff and mail 1000 and you will receive $250.00. Stuff 
and mail 2000 and you will receive $500.00 and more 

Never before has there been an easier way to make money from 
home!

Our Company's Home Mailing Program is designed for people with 
little or no experience and provides simple, step by step 
instructions. 

There is no prior experience or special skills necessary on your 
part, Just stuffing envelopes.

We need the help of honest and reliable home workers like you. 
Because we are overloaded with work and have more than our staff 
can handle. We have now expanded our mailing program and are 
expecting to reach millions more with our offers throughout the 
US and Canada.

Our system of stuffing and mailing envelopes is very simple and 
easy to do!
You will not be required to buy envelopes or postage stamps.

We will gladly furnish all circulars at no cost to you. We assure 
you that as a participant in our program you will never have to 
mail anything objective or offensive. 

There are no quotas to meet, and there no contracts to sign. You 
can work as much, or as little as you want. Payment for each 
envelope you send out is Guaranteed!

Here is what you will receive when you get your first Package. 
Inside you will find 100 envelopes, 100 labels and 100 sales 
letters ready to stuff and mail

As soon as you are done with stuffing and mailing these first 
letters, your payment will arrive shortly, thereafter. All you 
have to do is to order more free supplies and stuff and mail more 
envelopes to make more money.

Our sales literature which you will be stuffing and mailing will 
contain
information outlining our highly informative manuals that we are
advertising nationwide. As a free gift you will receive a 
special manual valued at $24.95, absolutely free, just for 
joining our Home Mailers Program.

Plus you will get your own special code number, so that we will 
know how much you are to get paid. And to make re-ordering of 
more envelopes, that our company supplies very simple for you.

We are giving you this free bonus because we want you to be 
confident in our company and to ensure that we will be doing 
business with you for a long time.

Benefits Of This Job:

1. You do not have to quit your present job, to earn more money 
at home
2. You can make between $2,500 to $4,500 a month depending on the 
amount of time you are willing to spend stuffing and mailing 
envelopes
3. This is a great opportunity for the students, mothers, 
disabled persons or those who are home bodies.

To secure your position and to show us that you are serious about 
earning extra income at home we require a one-time registration 
fee of $35.00.
This fee covers the cost of your initial start up package, which 
includes 100 envelopes, 100 labels and 100 sales letters and a 
manual, your registration fee will be refunded back to you 
shortly thereafter.

Money Back Guarantee!

We guarantee that as soon as you stuff and mail your first 300 
envelopes You will be paid $75.00 and your registration fee will 
be refunded.

Many of you wonder why it is necessary to pay a deposit to get a 
job. It is because we are looking for people that seriously want 
to work from home. 

* If 3.000 people told us they wanted to start working from home 
and we sent out 3.000 packages free to every one. And then half 
of the people decided not to work, this would be a potential loss 
of more than $60,000 in supply's and shipping that we have sent 
out to people that don't want to work

We have instituted this policy to make sure that you really want 
to work and at least finish your first package.

To Get Started Today Please Enclose Your Registration Fee of $35
Check,Money Order and fill out the application below and 
mail to:

MOHW Co
11054 Ventura Blvd PMB #126
Studio City, CA 91604
Name_____________________________________________________

Address___________________________________________________

City____________________________________ State______________

Zip Code________________

Telephone Number(s)_________________________________________

E-mail Address______________________________________________

For all orders, please allow seven (7) days for delivery and up 
to 10 days. Money Orders will result in faster shipping of your 
package.",0,TREC-06,seven-phishing-email,en,05f240c8ea2cf246ab9eb7fb93f08f402575541babec000ce0e15c3fd43453c6,0.9643424844992788,1,True,0.9998550126971449,1,0.0355125281978661,False,0.9643424844992788,0.46434248449927884,false_positive_v2
email-0139031,"Subject: Hey

Hey what's up with you?",0,TREC-05,seven-phishing-email,en,47880ae722e24cd9922de750cb0e0c29edb35808f28d9d4de2730b51a581b680,0.9667354616299887,1,True,0.98095676425587,1,0.014221302625881282,False,0.9667354616299887,0.4667354616299887,false_positive_v2
email-0030470,"Subject: [9fans] VIAGRA OnLine - OVERNIGHT Delivery - INSTANT Service 723478

VIAGRA ON LINE!!

Click Here--> http://216.34.29.23/viagra/

The ""viagraguys"" are here to help you get VIAGRA the breakthrough medication for impotence delivered to your mailbox...

.. without leaving your computer.

In less than 5 minutes you can complete the on-line consultation and in many cases have the medication in 24 - 36 hours. 

>From our website to your mailbox. 

On-line consultation for treatment of compromised sexual function. 

Convienient...affordable....confidential. 

We ship VIAGRA worldwide at US prices. 

 Click Here--> http://216.34.29.23/viagra/",0,TREC-06,seven-phishing-email,en,0545998d956a07ec062841d538c661e81747bb982e2aa2ab5bec5140604b540d,0.9490377744370911,1,True,0.9999846952209652,1,0.05094692078387408,False,0.9490377744370911,0.44903777443709114,false_positive_v2
email-0033732,"Subject: Beatbox

Check this crazy guy 

http://www.ebaumsworld.com/beatbox.html",0,CEAS-08,seven-phishing-email,en,d5abcad6a1a52233dc2896a2df07303f1751b8d7e3828a83f13dfa964c8691c9,0.9506439346321138,1,True,0.9101053731071055,1,0.04053856152500834,False,0.9506439346321138,0.45064393463211383,false_positive_v2
email-0108863,"Subject: [Reform] 0EM Software

Nu Macromedia titles released on Jun 09 05:50:19 MSK 2007

Adobe Creative Suite CS3 269$
Adobe Photoshop CS3 89$
Symantec Norton 360 29$
Microsoft Office 2007 79$
Microsoft Vista Business 79$
Nero 7 Premium 39$
Adobe Acrobat 8 Pro 79$
Adobe Flash CS3 Pro 59$
Windows XP Pro +SP2 49$
Adobe Premiere 2.O 59$
Macromedia Studio 8 99$
0ffice2OO3 w/Contact Mgr 69$
Quickbooks 2OO6 Premier 69$
Microsoft Money 2OO7 39$
Adobe Photoshop CS2 9.O 69$
Autodesk Autocad 2OO7 129$
Corel Grafix Suite X3 59$
Adobe Creative Suite CS2 149$
Adobe Illustrator CS2 59$
Microsoft Office XP PR0 49$
Adobe Dreamweaver CS3 59$
McAfee Internet Sec. 7 29$
Norton Antivirus Corp. 29$
Mac software 49$

http://kcsoftd.com?HSiWQ26433wUGxCIzyCb53781wUjvOdTIUK60277tLvbMcqRQY61339BuZyTMacromedia

cast a few handfuls of the deadly powder over the fish while the sleigh
But I'm not so fond of squealing. I've been in sight of death once or
Then the schoolmaster began to speak plainly and to the point. He
be so poised that at a touch it could be swung into one of two
fought with Hellgum? I could hardly have thought differently.""
the woods on the Ingmar Farm. The skin was then spread out upon the
rope which permitted him to walk with fair ease, but gave him no
Haspinger,"" p. 184.]
for Simon. To-night I had him in my power and spared him. Now I am
Then they got up and clasped hands in farewell.
one of its narrowest parts. They crossed it by a simple
Gertrude, you must be father and mother to them; you must not leave
that can do their own work; _my_ daughters are brought up
my being next in the entail of Longbourn estate will be kindly
Catherine very much objected to be kept waiting for her
nearer, as if the beast were heading straight for the hut. The old
accept his invitation. I have with me every thing that is necessary
shut without locking it. The landlord had long ago ceased to concern
Ingmar's face was beaming.
Ingmar noticed that the old man was eying him in a peculiar way;
which was the sullen, deep roar of a tiger calling to its mate.
town and attended them to their aunt's, where his regret and
you; and do not open them until I tell you to.""
over a broad plain, showing itself here and there in the gaps between
The two men were on their feet at once.
evident the greater part of the house had collapsed. Contrasting

_______________________________________________
Reform mailing list
Reform@meerschwein.hh.schule.de
http://gsw.dyndns.org/cgi-bin/mailman/listinfo/reform",0,TREC-07,seven-phishing-email,en,a9c7ca74611c6c7c788a13ffc3bd6e76ec41c00f14f143e09cd808abfd7b13d3,0.9470158759815162,1,True,0.9980890986791043,1,0.05107322269758818,False,0.9470158759815162,0.44701587598151615,false_positive_v2
email-0063490,"Subject: AutoNation Big Savings

The AutoNation Dealerships invite you to save $$thousands$$ on special priced new vehicles for a limited time. Ford, GM and Daimler-Chrysler just announced ""Zero"" interest on most models for qualified buyers for even bigger savings. Turn up your speakers and view our special offer. See the big savings on-line on real vehicles available now. If you see nothing or a banner below please click here . This is a media enriched email. Turn up your speakers and enjoy. If you see nothing or a banner below please click here Notice:You are receiving this email because your email address was used to receive an on-line price quote, or because it was provided with a vehicle request. If you did not provide this email address or would not like to receive our promotional email offers, please Click Here",0,TREC-05,seven-phishing-email,en,5196487e039992f92286db05e50375cef5dde9c1e86978f0138ce47e082649b1,0.9394689961900742,1,True,0.9999519480148211,1,0.060482951824746944,False,0.9394689961900742,0.4394689961900742,false_positive_v2
email-0104385,"Subject: [Reform] adobe photoshop cs3 extended $89

Find out more about the new 
features and enhancements in Adobe Photoshop CS3 Extended. Boost your 
productivity with a streamlined interface, enhancements to raw-image processing 
and asset management workflows, and more; experience unrivaled editing power 
with nondestructive filters, more precise color-correction controls, and more 
powerful cloning and healing tools; easily create rich composites using new 
tools for automatically aligning and blending layers and making quick 
selections; 3D and motion support with the ability to edit 3D content and 
incorporate it into 2D compositions, paint and clone over multiple video frames, 
and more; comprehensive image analysis with new image measurement and counting 
tools, MATLAB integration, and DICOM file support.Adobe Photoshop CS3 
ExtendedRetail Price $999.00Our Price $89.95You save $909.05http://kormprokorm.comPlease note, that 
there will be more special offers available for our constant customers. Every 
effort has been made to ensure the accuracy of all information contained herein. 
DS Team makes no warranty expressed or implied with respect to accuracy of the 
information, including price, product editorials or product specifications. 
Product and manufacturer names are used only for the purpose of identification. 
We appreciate your cooperation with us and we'll be glad to see you as our 
clients in the future.",0,TREC-07,seven-phishing-email,en,9086425452dedec9451f5dd34c42fb7d68ad43ab49278aca1148764c10f9dcd2,0.9322687229772036,1,True,0.9950699510394525,1,0.06280122806224886,False,0.9322687229772036,0.43226872297720365,false_positive_v2
email-0149162,"Subject: RE:

That would be great.",0,TREC-05,seven-phishing-email,en,a5f73e821548a0f5c48a28413f27426d38cf371127a6cfad29c79db1b27ab179,0.9335792703081361,1,True,0.9771753486794563,1,0.04359607837132018,False,0.9335792703081361,0.43357927030813614,false_positive_v2
email-0134840,"Subject: [Reform] Adobe Photoshop

Find out more about the new 
features and enhancements in Adobe Photoshop CS3 Extended. Boost your 
productivity with a streamlined interface, enhancements to raw-image processing 
and asset management workflows, and more; experience unrivaled editing power 
with nondestructive filters, more precise color-correction controls, and more 
powerful cloning and healing tools; easily create rich composites using new 
tools for automatically aligning and blending layers and making quick 
selections; 3D and motion support with the ability to edit 3D content and 
incorporate it into 2D compositions, paint and clone over multiple video frames, 
and more; comprehensive image analysis with new image measurement and counting 
tools, MATLAB integration, and DICOM file support.Adobe Photoshop CS3 
ExtendedRetail Price $999.00Our Price $89.95You save $909.05http://yaegovieba.comPlease note, that 
there will be more special offers available for our constant customers. Every 
effort has been made to ensure the accuracy of all information contained herein. 
DS Team makes no warranty expressed or implied with respect to accuracy of the 
information, including price, product editorials or product specifications. 
Product and manufacturer names are used only for the purpose of identification. 
We appreciate your cooperation with us and we'll be glad to see you as our 
clients in the future.",0,TREC-07,seven-phishing-email,en,2b24294958f103bb3de07a9fefd7242ffa86fb67c4e051ea734fcd106cd6e56d,0.9212828393172128,1,True,0.9955012815535786,1,0.07421844223636587,False,0.9212828393172128,0.4212828393172128,false_positive_v2
email-0014359,"Subject: hi

hi dad........whats up",0,TREC-05,seven-phishing-email,en,4ebd888a8e0f82fb0df3e20d9605d61ded7752da5c9042f80fde5c82d9d8ad59,0.9274053137812456,1,True,0.9752885896654799,1,0.047883275884234355,False,0.9274053137812456,0.4274053137812456,false_positive_v2
email-0136347,"Subject: FW: GUARANTEED TO MAKE YOUR DAY...

Click on the message from icon below.",0,TREC-05,seven-phishing-email,en,0b5658e1365f4cebcfdaf0e5f16a61868f19fab897f8aaf193e0cb11ae039e6c,0.9188903863013042,1,True,0.9897828060174972,1,0.07089241971619309,False,0.9188903863013042,0.41889038630130415,false_positive_v2
email-0111298,"Subject: [Reform] Volksbanken AG Online-Banking ID: 717

[IMAGE]

 After many tumbles four chubby youngsters mounted the burro; and the
 others, with loud acclaim, shouting, Noddle, Noddle, getup!getup!
 endeavored to make him go. But Noddle nodded and refused to awaken or
 budge. Then an ambitious urchin of six fastened his hands in the fur
 of the sheep and essayed to climb to his back. Willing hands assisted
 him. Ride him, Billy, ride him. Getup, Navvy, getup! Hang on, Billy,
 hang on, cried August Naab, in delight. Billy hung on a moment longer,
 and then Navvy, bewildered by the pestering crowd about him, launched
 out and, butting into Noddle, spilled the four youngsters and Billy
 also into a wriggling heap. This recess-time completed Hares
 introduction to the Naabs. There were Mother Mary, and Judith and
 Esther, whom he knew, and Mother Ruth and her two daughters very like
 their sisters. Mother Ruth, Augusts second wife, was younger than
 Mother Mary, more comely of face, and more sad and serious of
 expression. Insgesamt wird unsere Tätigkeit schneller, präziser,
 segmentierter, arbeitsteiliger und zugleich komplexer.Sie unterliegt
 einer mehrwertigen Effizienzlogik, nicht mehr der dualistischen Logik
 von wahr und falsch. Man könnte aus dieser Darstellung möglicherweise
 ein Votum gegen die zahlreichen ökologischen Bewegungen und für
 Technokratie, für grenzenloses Wachstum oder für die Planung von
 Wunderwelten ablesen. Nichts davon trifft zu. Ich möchte lediglich
 versuchen, ein Verstehens- und Handlungsmodell zu entwerfen, das die
 Komplexität unseres Problems ernst nimmt und nicht verniedlicht, wie
 es die simplifizierenden Modelle der Schriftkultur oft getan haben.
 Bildung, Ausbildung und Schriftkultur hängen eng zusammen. Das eine
 ist ohne das andere nicht denkbar. Andererseits hat es auch vor der
 Schrift Erziehung gegeben, und es gibt Formen der Erziehung, die nicht
 auf Schriftlichkeit beruhen, oder zumindest nicht ausschließlich. But
 to illustrate all this by another science, in which, perhaps, we shall
 see the distinction more clearly and plainly, let us examine the works
 of a comic history painter, with those performances which the Italians
 call Caricatura, where we shall find the true excellence of the former
 to consist in the exactest copying of nature; insomuch that a
 judicious eye instantly rejects anything _outre_, any liberty which
 the painter hath taken with the features of that _alma mater_; whereas
 in the Caricatura we allow all licence--its aim is to exhibit
 monsters, not men; and all distortions and exaggerations whatever are
 within its proper province.Now, what Caricatura is in painting,
 Burlesque is in writing; and in the same manner the comic writer and
 painter correlate to each other.",0,TREC-07,seven-phishing-email,en,dd71006827ca508aacb38d4f3197b442ceae7fa878559ee9dbf31e97c5fb7eed,0.9280091242132288,1,True,0.8947437347998862,1,0.03326538941334256,False,0.9280091242132288,0.4280091242132288,false_positive_v2
email-0034142,"Subject: [Reform] RE: Padilla jury in Miami to hear bin Laden interview

The greatest thing about Viagra is the security that
 you are on ""automatic pilot"", relaxed, carefree, with no worries about
 a sudden
 loss of erectile powers, no matter what kind of interruptions
 (kids knocking at door, dog barking, ill-fitting condom) may be thrown
 your way.

 Worried about the loss of erection??
 Give Viagra a go.
 You'll get a hard and lasting erection and plenty of orgasms for your
 lady.

 But if, on account of regrettable circumstances, the proof
 disappeared, he would find himself once more in the same position as
 when he passed the Brazilian frontier--the position of a man who came
 to say, Here is my past life; here is my present; here is an entirely
 honest existence of work and devotion which I bring you.You passed on
 me at first an erroneous judgment. After twenty-three years of exile I
 have come to give myself up! Here I am; judge me again! The death of
 Torres, the impossibility of reading the document found on him, had
 thus not produced on Joam Dacosta the impression which it had on his
 children, his friends, his household, and all who were interested in
 him. I have faith in my innocence, he repeated to Yaquita, as I have
 faith in God. If my life is still useful to my people, and a miracle
 is necessary to save me, that miracle will be performed; if not, I
 shall die! God alone is my judge!
 On his death-bed, about the middle of February, 1827, he said to young
 Gerhard von Breuning, on receiving Handels works: Handel is the
 greatest and ablest of all composers; from him I can still learn.Bring
 me the books! (Fall of 1823, to J. A. Stumpff, harp maker of London,
 who acted very nobly toward Beethoven in his last days. It was he who
 rejoiced the dying composer by sending him the forty volumes of
 Handels works (see 111). ) [Cipriani Potter, to A. W. T. , February
 27, 1861. Beethoven used to walk across the fields to Vienna very
 often. B. would stop, look about and express his love for nature. One
 day Potter asked: Who is the greatest living composer, yourself
 excepted? Beethoven seemed puzzled for a moment, and then exclaimed:
 Cherubini! Potter went on: And of dead authors? B. --He had always
 considered Mozart as such, but since he had been made acquainted with
 Handel he put him at the head. From A. W. Thayers notebook, reprinted
 in Music and Manners in the Classical Period, page 208. H.",0,TREC-07,seven-phishing-email,en,ccb7ed4e4bfb4b9b168dd8a39d04ff984d74248b24f5614a924df75ef7788eca,0.9178642599116036,1,True,0.9823529055460322,1,0.06448864563442858,False,0.9178642599116036,0.4178642599116036,false_positive_v2
email-0129377,"Subject: See where your Competion is advertising

Are your clients: Travelers, Vacationers or Timeshare Owners? TVC...the Timeshare Vacation Club is where YOUR ADS should be! 100% Satisfaction GUARANTEED! TVC's ""FREE MEMBERSHIP"" services over 4.2 MILLION Timeshare owners, Travelers and Vacationers around the world! NOTE: Timeshare owners are HIGH INCOME families who: * exercise more... * travel more... * vacation more... * spend more... * rent more... * fly more... * and stay longer... ...than any other group in the world! GUARANTEED Ads . . with a HOT LINK to your Website for as little .......as $5.00 a MONTH! Try us out for FREE and Discover how you can profit from TVC ...the Timeshare Vacation Club.. NOW! http://www.fsbo-home.com/tvc/timeshare.htm Or send for more information: < mailto:profit@fsbo-home.com > To be removed from this mailing list please reply to: < remove@fsbo-home.com >",0,TREC-06,seven-phishing-email,en,221a3f872f4241f30d3a563b3e100e542cc575e36a788013309ac1d9588c8eb4,0.9048981113019156,1,True,0.9999574044828532,1,0.09505929318093764,False,0.9048981113019156,0.40489811130191555,false_positive_v2
email-0019807,"Subject: virtual office suite from jobsonline . com

become a high flyer with jobsonline !
jobsonline wants to help you move into the fast lane by giving away an entire
virtual office . the internet ? s leading job site is giving away a laptop
computer , a palm pilot , a cellular phone and a leather briefcase to one lucky
person who registers with the site between now and the end of september ! when
you register with jobsonline , not only will you be in with a chance to win
these fabulous prizes , but you will also have access to their free job
database .
( if this hyperlink is not completely highlighted , please copy it to your
browser . )
jobsonline is one of the internet ' s leading sites for employment information
and career resources . search their extensive database of job postings to make
your next career move . and use the site ? s valuable career resources to assist
you in your job search , or to succeed in your current position . even better ,
it ? s all free .
take one minute to register with jobsonline and you will automatically be
entered in our virtual office giveaway .
( if this hyperlink is not completely highlighted , please copy it to your
browser . )
you have received this email because you or someone using your email address
agreed to receive special offers and promotions from enterprise marketing
solutions and its web site partners .
if you wish to be excluded from future offers please click on
mailto : @ goemsi . com and type "" unsubscribe "" in the subject
line and click ? send ? .
as always , if you have questions or comments for us , please send them to
mailto : @ goemsi . com
if you wish to know more about our privacy policies please go to
http : / / www . goemsi . com / privst . htm",0,Enron,seven-phishing-email,en,669f1dc4d8e3f6127327785965b4e7bf9f98512ec3a0e5ded6f84b21dc617f4e,0.8861362791532356,1,True,0.9995700044710597,1,0.11343372531782414,False,0.8861362791532356,0.38613627915323556,false_positive_v2
email-0172769,"============================================================
Sponsor a child today through Children International. Give
a desperately poor child hope for a brighter future. For
only $15 a month you can make a difference!
http://click.topica.com/caaavgIb1dcmWb2yXQNa/ChildrenInternational
============================================================
--------------------------------------------------------------------
 DayTips.Com Daily Lists
 Poem-a-Day
--------------------------------------------------------------------info@daytips.com http://www.daytips.com
....................................................................
 September 13, 2002
....................................................................I.
 From fairest creatures we desire increase,
That thereby beauty's rose might never die,
But as the riper should by time decease,
His tender heir might bear his memory:
But thou, contracted to thine own bright eyes,
Feed'st thy light'st flame with self-substantial fuel,
Making a famine where abundance lies,
Thyself thy foe, to thy sweet self too cruel.
Thou that art now the world's fresh ornament
And only herald to the gaudy spring,
Within thine own bud buriest thy content
And, tender churl, makest waste in niggarding.
 Pity the world, or else this glutton be,
 To eat the world's due, by the grave and thee.--------------------------------------------------------------------
Shakespeare, William. Sonnets.William Shakespeare (1564-1616) was a famous English poet,
dramatist, and actor, often regarded as the greatest English
writer of all time. Shakespeare's early life was spent in
Stratford-upon-Avon, where little else is known about him
until he married at age 18 to Anne Hathaway. He enjoyed
quick recognition as a skilled playwright in London as a
member of the Lord Chamberlain's Company (also known as the
King's Men). He retired in 1610, having spent a successful
career as a writer and heralded by royalty and peasants
alike.Shakespeare's privacy resulted in a sketchy timeline of the
writer's life, leading many over the years to attempt to
fill in the gaps, often with scraps of fact and fiction that
only result in nothing close to the truth (A truth we will
probably never know). Among the rumors and hypotheses
offered over the years: that he was gay; a womanizer;
illiterate (reciting his works to a scribe), and a puppet
(in which he didn't write the works but was encouraged to
take credit to shield the real writer -- a person with
political ties).Shakespeare's sonnets give readers a glimpse into the mind
and heart of the playwright. Published in 1609, the 154
sonnets involve the author's relationship with various
characters, including a striking young man, a mysterious
woman, and a rival poet. The identities of the characters
have also been the subject of much speculation over the
years, despite the fact that they may have been completely
created in the mind of the bard.--------------------------------------------------------------------
By Mickie Kennedy of http://www.poetrypreviews.com
Copyright DayTips.com, Inc., 2002. All Rights Reserved.
Copyright by respective poet or publisher; used with permission.
--------------------------------------------------------------------
--------------------------------------------------------------------
 \\\\ Recommend DayTips & Enter to Win $10,000 ////
 http://www.daytips.com/recommend.html
--------------------------------------------------------------------To subscribe, send a message to dailypoem-subscribe@topica.comTo UNsubscribe, follow directions near the bottom:===========================================================
Save up to 80% on Inkjet Cartridges & get FREE Shipping 
too! No minimum order required. Satisfaction GUARANTEED. 
Fast & easy shopping. Prices lower than office supply 
stores. 
http://click.topica.com/caaawrcb1dcmWb2yXQNf/77Colors
=============================================================^================================================================
This email was sent to: mothlight@fastmail.fmEASY UNSUBSCRIBE click here: http://topica.com/u/?b1dcmW.b2yXQN
Or send an email to: dailypoem-unsubscribe@topica.comT O P I C A -- Register now to manage your mail!
http://www.topica.com/partner/tag02/register
==^================================================================",0,zefang-phishing-email,zefang-phishing-email,en,5aabc7a27a5cdd6e6247f28b40a1d2325caeaa9ff311ba522ae922022d655314,0.8029502356718555,1,True,0.378745980882067,0,0.4242042547897885,True,0.8029502356718555,0.30295023567185553,false_positive_v2
email-0171040,http : / / hrweb . enron . com / benefits / formp . asp,0,zefang-phishing-email,zefang-phishing-email,en,54286399f4c11608dcf094858a98fc6ca7f05d7ea98ee41dfcdbcac7a3548554,0.7264033112408952,1,True,0.00027105211363971795,0,0.7261322591272554,True,0.7264033112408952,0.2264033112408952,false_positive_v2
email-0074278,"Subject: Go Baby!

Finally putting my money where my mouth is - I'm in.",0,TREC-05,seven-phishing-email,en,e80b2c2b5a9a87397d6b595cb31ffd8b7e001d0a5118e311e513129ece594a7b,0.8915932200675121,1,True,0.9535828906252047,1,0.06198967055769267,False,0.8915932200675121,0.39159322006751207,false_positive_v2
email-0166224,"Interesting ebay item......(and no it wasnt me even though the spellingis
oddly familar)http://cgi.ebay.com/aw-cgi/eBayISAPI.dll?MfcISAPICommand=ViewItem&item=1764085998",0,zefang-phishing-email,zefang-phishing-email,en,93c5bad246e214e0c6ba3d361f9012f21627dfd1805e05e85626ab7b0a7fb987,0.7964375517609673,1,True,0.36990544450347884,0,0.42653210725748847,True,0.7964375517609673,0.2964375517609673,false_positive_v2
email-0042198,"Subject: holiday party - save the date

please click on the link below
save the date",0,Enron,seven-phishing-email,en,968fcdcc07f6a8655a7c955f2582c8ba69cb27229972b1648971d6ae44a8cfb5,0.8729612034672748,1,True,0.9880879378908173,1,0.11512673442354249,False,0.8729612034672748,0.3729612034672748,false_positive_v2
email-0112091,"Subject: [Reform] Increase Your Penis Width (Girth) By upto 20%.

The body grows and develops GRADUALLY, not over night! This is why MegaDik is the greatest breakthrough product in the history of male enhancement! Penis enlargement, as we know it, will never be the same. When you are sexually aroused, your brain releases a hormone causing blood to enter the penis and fill your erectile tissue (Corpora Cavernosa). The cells in the Corpora Cavernosa are filled with blood until an erection is achieved. You can have a BIGGER PENIS!http://brandyt.comYou can expect an increase ranging from 1 to 4 inches in length after a 4 month supply, but we do recommend the 6 month package for better results and higher savings.",0,TREC-07,seven-phishing-email,en,e19aa9405dad081a18b548ef0680c075bcf6bdec084af57d3ab7bba2e71d710b,0.8557562863243753,1,True,0.9998649974410858,1,0.14410871111671053,False,0.8557562863243753,0.3557562863243753,false_positive_v2
email-0050267,"Subject: 100k American Chiropractors

ALTERNATIVE MEDICINE DATABASE

Over 1 million records and 36,000 emails in the following categories:

* Nutritionists
* Naturopathy
* Naturopathic Schools
* Naturopathic Remedies
* Naturopathic Physicians
* Naturopathic Medicine
* Naturopath Diet
* Naturopath Clinics
* Naturopath Cancer
* Hollistic Therapy
* Hollistic Massage
* Hollistic Health Care
* Hollistic Healing
* Hollistic Cures

===NOW ALSO INCLUDES OVER 100K CHIROPRACTORS====

Fields included for all data: Business/Practitioner Name, Postal Address, Phone, Fax, Email and Website 

Special price until this Friday June 8 - $399 (reg $599)

For more info or to place an order please email: naturopathichollistic@hotmail.com

To be excluded from future mail please put ""exclude"" in the subject when replying.",0,TREC-07,seven-phishing-email,en,6b75b01b0b1b4b62afbc7ffe09f32428a000031e81df98112c9f8a130d0eed91,0.8401335984999196,1,True,0.9983085943964213,1,0.15817499589650164,False,0.8401335984999196,0.34013359849991964,false_positive_v2
email-0063002,"Subject: assistance needed

FROM BARRISTER PETER JAMES
TEL NO 228-9027647

>DEAR SIR,
>>
>>I receive your contact details from your
>>Embassy/Consular here when I was seeking for a
>>reputable person/persons outside Nigeria for a
>>profitable joint Partnership in a long lasting
>>establishment. The funds for the investment are
>>already been moved and deposited with a reputable
>>Security/Finance Organisation outside the country.
>>Infact I am confiding this in you in respect of an
>>endeavour of trust and hopeful that you will be of
>>assistance of this mutual and future co-operation.
>>I am PETER JAMES, a Lawyer, Legal ractitioner/Corporate Attorney for the Past Military Government, Based on my long relationship with the family of Late General Sanni Abacha (our Past President) through my childhood friendship with Ibrahim Abacha (First son of the family who died in a plane crash in 1995) with whom I was really close to.Recently, I was contacted by Mrs Mariam Abacha (Late Gen. Sanni Abacha widow) to join the team of Lawyers
>>representing Mohammed (Ibrahims younger Brother)
>>Abachas Second Son in the trial of murder charges as
>>filed by the Present Democratic Government (his
>>fathers enemies who are now in power). The case is
>now at the Lagos High Court. In addition, she has
>mandated me to arrange for relocation of the family financial resources for safe keeping to avoid traces from any member of the Abachas family and also for possible
>>confiscation or seizure by this Present Government,
>>through the family (Abachas) has suffered huge loss
>as some of their identified domestic and foreign bank
>>accounts has been frozened. Meanwhile, their real
>>estate investments have also been seized and
auctioned.

>>Of IMMEDIATE ATTENTION now, is the movement of 140.3
>>Million U.S Dollars currently lodged with a Finance
>>and Security Organisation outside Nigeria. I have the
>>relevant details and prepared to furnish you with the
>>particulars which will position you as the bonafide
>>beneficiary of the said fund or lodgement to enable
>>you communicate directly with the Security outfit
>>towards issuance of transfer instruction or
>withdrawal which must be top secret and confidential.
>>Get in touch to enable us deliberate on a possible
>>meeting arrangement where all modalities and your
>>involvement/percentage should be discussed Transmit
>>your response by phone no 228-9027647. I will get
>>back to you as soon
>>as I receive your response.
>>Yours faithfully
>>
>>PETER JAMES>>
(ESQ)Barrister-at-Law
>

Sign up for your ""FREE E-MAIL"" @ MADMAIL http://www.madmail.com",0,TREC-05,seven-phishing-email,en,a561d213528d25b4d5f47aace278d2bbb56d4f7a0a0d26884027356c5720b05c,0.8394265038602201,1,True,0.9988676752086351,1,0.15944117134841496,False,0.8394265038602201,0.3394265038602201,false_positive_v2
email-0074485,"Subject: Save money with OEM software [Newsletter Comp Version]

A new issue of the Windows Secrets Newsletter is now 
available. Please visit:

http://WindowsSecrets.com/comp/070426

If you're having any problems with your subscription, please
let me know using the contact page shown below.

Thanks,

Brian Livingston
Editorial Director, Windows Secrets Newsletter
http://WindowsSecrets.com/contact

____________________________________________________________

You subscribed using the address langa3@speedy.uwaterloo.ca
Your reader number is 83107-13329

To change your delivery address or other settings, visit your 
preferences page:

http://WindowsSecrets.com/prefs/?r=83107-13329&e=langa3@speedy.uwaterloo.ca

To unsubscribe langa3@speedy.uwaterloo.ca
from the Windows Secrets Newsletter:

 Visit http://WindowsSecrets.com/unsubscribe OR

 Send a blank e-mail to unsub@WindowsSecrets.net with
 ""leave langa3@speedy.uwaterloo.ca"" as the subject line.

All subscribers are covered by our Ironclad Privacy Guarantee:

1. We will never sell, rent, or give away your address to
 any outside party, ever;
2. We will never send you any other unrequested e-mail,
 besides newsletter updates; and
3. All unsubscribe requests are always honored immediately,
 period.

The Windows Secrets Newsletter is published weekly on the 1st 
through 4th Thursdays of each month, plus occasional news 
updates. Vacation breaks occur in late August, Thanksgiving 
Week, and Christmas/New Year's. Publisher: WindowsSecrets.com 
LLC, 300 Queen Anne Ave. N. #456, Seattle, WA 98109 USA.",0,TREC-07,seven-phishing-email,en,99a0ea9d86fcade537df7f3186884889685e5821c76a1d8e7f32e433162069f5,0.8366211604136354,1,True,0.9968156586678841,1,0.1601944982542487,False,0.8366211604136354,0.33662116041363543,false_positive_v2
email-0013323,"Subject: Over 250 Items On Sale at Alpenland International Online!

Huge Sale at Alpenland International!

If you wish to be removed from our mailing list,
please send an email to pbbhft@alpenland.us.",0,CEAS-08,seven-phishing-email,en,10ca6888db0c7ad15706c63075c7a0e21ab0b5d6f5cdbb36a319eeb8066d912a,0.8334594084803074,1,True,0.9979958401585126,1,0.1645364316782052,False,0.8334594084803074,0.3334594084803074,false_positive_v2
email-0015181,"Subject: Night of Men

Men,
 
Wanting to ""man off"", needing to ""man off"", are we still planning on ""being with men"" on Thursday?
 
Only ""men"" need to respond
 
 Piggy",0,TREC-05,seven-phishing-email,en,203d2b9d0ecfb37aac4ff53b02ee507599e2af395de3c1010f9eaab923d2752b,0.8344135283141844,1,True,0.9832083041020256,1,0.14879477578784128,False,0.8344135283141844,0.33441352831418436,false_positive_v2
email-0014587,"Subject: Fwd: VHLD - Undervalued and Overlooked? UPZ

>From: WizardAlert@excite.com >Reply-To: WizardAlerts14@excite.com >To: >Subject: VHLD - Undervalued and Overlooked? UPZ >Date: Tue, 20 Nov 2001 01:04:05 -1800 > >The Market Wizard's SPECIAL ALERT--November Edition > >****************************************************** > >MARKET WIZARD'S SPECIAL ALERT: >Vector Holdings,Inc >OTC BB: SYMBOL: VHLD >52 WEEK HIGH: $ 14.00 >52 WEEK LOW: $ 0.33 >SHARES OUTSTANDING: 9,500,000 >PUBLIC FLOAT: APPROX: 1,600,000 >SHORT TERM PRICE PROJ.: $3.64 >12 MONTH PRICE PROJ.: $10.41 > >****************************************************** > >Reasons to BUY VHLD: > >VHLD Just received $8.8 Million Dollar commitment for 1st hotel. > >VHLD is doing 1 million in revenues and anticipates closing on 9 Hotels in >South Beach, Fl. by year-end 2002, that will generate 100 Million in >Revenue, 25 Million in Profit, 200 Million in Assets > >VHLD looking to close 1st Hotel within 30 days > >VHLD will have solid assets in one of the most desirable real estate >locations in the world, South Beach, Florida > >Top notch management team, Richard Wildheim who ran Trump properties > >In talks with one of the most popular restaurants in the world for first >hotel property. > >Expand to Las Vegas and Arizona. > >One of the only distributors of gourmet food who distributes Iranian >caviar online, including other products of beluga caviar, oils, pasta, >meats, cheeses, etc. > >VHLD selling at bottom of trading range. > >Bestfoodonline.com does business with Disney, United Air, Marriot, Ocean >Reef and Turnberry Resorts. > >Once the completion of 1st hotel co w/ have solid RE assets & revenues. >development. > >VHLD should attract major shareholder value with tremendous upside >potential. > >VHLD with tremendous growth in assets in one of the most secure industries >in a volatile market REAL ESTATE. > >In a marketplace where co's continue to disappoint on earnings, VHLD is >positioned to grow at a massive rate with tremendous earnings and assets. >************************************************************** > >The Company > >Vector Holdings , Inc (OTC BB: VHLD) Vector Holdings, Inc., through its >subsidiary Bestfoodonline.com, distributes specialty food products to the >hospitality industry. The flagship website can be found at >www.bestfoodonline.com, where products may be purchased on a wholesale >basis to the hospitality industry worldwide. Clients of Vector Holdings/ >Best Food include Walt Disney, United Airlines, Ocean Reef Club, and >Turnberry Isle Resort and Country Club. > >The Company has carved out its niche within the management and hospitality >industry through management contracts with name hotel properties within >the South, Florida region. Vector Holdings' present strategy to maximize >shareholder value is to acquire ""boutique"" hotels located in South Beach, >Florida through its relationships and existing contracts. >**************************************************************** > >INVESTMENT OPPORTUNITY > >When you talk about real estate, you talk about LOCATION, LOCATION. When >you talk about Commercial Hotel real estate, you talk about LOCATION, >LOCATION and MANAGEMENT. VHLD appears to be on to something, VHLD's >present strategy to maximize shareholder value is to acquire ""boutique"" >hotels located in South Beach, Florida. > >For those Wizard subscribers who are not familiar with South Beach, >Florida market, let The Wizard try to describe. First, this area is home >to nearly 800 Art Deco buildings which were primarily constructed during >the 1920s, 30s and 40s. The South Beach area is comprised of small >""boutique"" hotels, nightclubs, restaurants and lots of chic shopping >stores. South Beach is a unique area to Miami Beach, from 1st street to >12th street, including Ocean Drive, Collins Avenue, and Washington Avenue. >Miami Dade's hotel occupancy rates have lead the nation for the first five >months of 2001. South Beach is strategically located near Miami's >financial district and a very attractive destination to tourists from all >over the world.. > >VHLD's plan is to acquire existing ""boutique"" hotels in South Beach, FL., >that are currently operating and profitable. VHLD is simply taking >existing hotels and attempting to make them better, by partnering with an >experienced hotel management company that has a proven track record of >doing exactly what VHLD is looking to accomplish. > >To this extent, VHLD has retained Hospitality Advisory Group, Inc. (HAG), >which is led by Mr. Richard Wilhelm. Richard Wilhelm is a hotel management >professional, with over thirty years of experience in management of a >number of premier hotel and resort properties in the United States. These >properties include such landmark hotels as the Plaza Hotel, the St. Regis >and the Waldorf-Astoria in New York City; Trump Castle in Atlantic City; >and recently, the Island Outpost group of hotels in Miami Beach's popular >South Beach area. > >The core business of HAG is that of providing comprehensive hotel >management services to their clients, which is VHLD. Services typically >provided include the full spectrum of operational, financial, and >marketing management of hotel properties. HAG works in every appropriate >way to drive revenues. A key element in HAG�s management program is the >focus on a comprehensive, targeted sales and marketing effort to ""put >heads in the bed. >************************************************************** > >VALUATION > >Some of the greatest corporations in America were created with a simple >concept. VHLD is currently under contract to acquire prime South Florida >hotel properties that on average are 70% occupied year round. By >partnering with a top-notch hotel management company, leveraging off their >expertise, hope to increase the annual occupancy rate to over 80% within 2 >years > >For example, HAG became the management company for the Tides Hotel in >South Beach, Fl. when it reopened after a major renovation. By the end of >the 1st year the Tides had an 88% occupancy rate. > >VHLD intends to acquire 9 hotels by the end of calendar year 2002 that >will be running at an annualized revenue rate in excess of $100 MILLION >DOLLARS. These 9 hotels assets will be in excess of $200 MILLION DOLLARS. >VHLD intends to close on 3 of the nine hotels by the end of this calendar >year (2001). These three hotels are estimated to generate $12.8 Million >Dollars in revenue's and Net Operating Income (NOI) of $2.5 Million >Dollars on assets of $28 Million Dollars in 2002. > >VHLD intends to close on their 1st hotel within 30 days. When achieved >this should become a significant milestone for VHLD as well as the stock. >The first hotel is called The Astor VHLD currently manages The Astor. The >Astor was originally built in 1936 and remodeled in 1995. VHLD is Buying >The Astor for $16 Million Dollars in a combination of cash and debt >(mortgage). > >In year 2000 The Astor generated about $5.5 Million in revenues and had >approx. $1 Million NOI. > >According to HAG, based upon their projections using their management >techniques, HAG projects The Astor�s revenues to rise to $7.2 Million and >NOI to $1.5 Million in 2002. > >In addition, HAG projects that in all hotel acquisitions by VHLD, a >portion of the profits in the 1st year under their management will be >reinvested back into the hotels for improvements. Thereafter HAG projects >NOI to approximate 25% of revenues. REMEMBER, VHLD is currently acquiring >only profitable hotels, and looking to make them more profitable. > >VHLD is currently trading near a 52 week low. VHLD has been working >quietly on achieving its goal of increasing shareholder value. There is >hardly any news on VHLD, and virtually no chat over on the Internet. The >Wizard believes this too might change shortly. The Wizard believes that >once VHLD closes on the Astor Hotel the story becomes a little bit more >believable. BUY ON THE RUMOR. >***************************************************************** > >CONCLUSION > >One way to value a company is to look at its peers in the industry. Within >this group companies currently trade at about a 50% discount to the S&P >500 index, which equates to about 14x earnings. Based on VHLD closing 3 >hotels by year-end, and using HAG's forecast for profits of $2.5 Million >or $0.26 cents per share. If VHLD were to trade in the market at 14x >earnings, then this would equate to a stock price of $3.64 per share. > >****************************************************************** > >DISCLAIMER > >Marketwizardalerts (MWA) publishes reports providing information on >selected companies that MWA believes has investment potential. MWA is not >a registered investment advisor or broker-dealer. This report is provided >as an information service only, and the statements and opinions in this >report should not be construed as an offer or solicitation to buy or sell >any security. MWA accepts no liability for any loss arising from an >investor's reliance on or use of this report. An investment in VHLD is >considered to be highly speculative and should not be considered unless a >person can afford a complete loss of investment. MWA has been hired by a >third party consultant, and is contracted to receive 100,000 free trading >shares of common stock for the publication and circulation of this report. >MWA intends to sell all or a portion of the of the VHLD stock at or about >the time of publication of this report. Subsequently MWA may buy or sell >shares of VHLD stock in the open market. This report contains >forward-looking statements, which involve risks, and uncertainties that >may cause actual results to differ materially from those set forth in the >forward-looking statements. For further details concerning these risks and >uncertainties, see the SEC filings of VHLD including the company's most >recent annual and quarterly reports > > _________________________________________________________________ Get your FREE download of MSN Explorer at http://explorer.msn.com/intl.asp",0,TREC-05,seven-phishing-email,en,90e21917cf70e80239ee2a2f5bb00e34ed40cee6000fbee1033e5b953878880d,0.8313139476312389,1,True,0.9922017459729039,1,0.160887798341665,False,0.8313139476312389,0.3313139476312389,false_positive_v2
email-0118914,"Subject: Fwd: southwest.com Weekly Updates for November 20, 2001

>From: ""Southwest Airlines"" >Reply-To: ""Southwest Airlines"" >To: >Subject: southwest.com Weekly Updates for November 20, 2001 >Date: Tue, 20 Nov 2001 02:04:46 -0600 > >November 20, 2001 >Southwest Airlines' Click 'n Save E-mail Update > >A message to our Customers: > >You can't mail a hug >You can't have a family reunion via e-mail >You can't taste homemade pumpkin pie over the phone > >Some things are just better in person > >Luv, >33,000+ Employees of Southwest Airlines > >*****************Important Travel Information****************** > >For updated travel information, visit: >http://www.southwest.com/travel_center/travelAdvisory.html > >**************This week's specials include:******************* > >1. Click 'n Save and Anniversary Specials >2. Southwest Airlines Systemwide Fare Sale >3. Subscriber Information > >********* Click 'n Save and Anniversary Specials *********** > >$30 - $99 one-way >These specials are available for travel any day of the >week with a 7-day advance purchase requirement. > >Specials available this week are: > >Albany, NY > $59 one-way, to/from Columbus, OH > $65 one-way, to/from Nashville, TN > >Albuquerque, NM > $34 one-way, to/from Tucson, AZ > $99 one-way, to/from Tulsa, OK > >Amarillo, TX > $99 one-way, to/from Corpus Christi, TX > $63 one-way, to/from San Antonio, TX > >Austin, TX > $61 one-way, to/from El Paso, TX > $99 one-way, to/from Phoenix, AZ > >Baltimore Washington Int'l, MD > $30 one-way, to/from Cleveland, OH > $37 one-way, to/from Louisville, KY > $30 one-way, to/from Norfolk, VA/Southern Virginia > >Birmingham, AL > $99 one-way, to/from Manchester, NH > $54 one-way, to/from St. Louis, MO > >Boise, ID > $66 one-way, to/from Sacramento, CA > $30 one-way, to/from Salt Lake City, UT > >Buffalo/Niagara Falls, NY > $48 one-way, to/from Norfolk, VA/Southern Virginia > $70 one-way, to/from West Palm Beach, FL > >Burbank, CA > $30 one-way, to/from Sacramento, CA > $30 one-way, to/from San Jose, CA > >Chicago Midway, IL > $99 one-way, to/from Houston Hobby, TX > $65 one-way, to/from Jackson, MS > $41 one-way, to/from Omaha, NE > >Cleveland, OH > $30 one-way, to/from Baltimore Washington Int'l, MD > $63 one-way, to/from Manchester, NH > >Columbus, OH > $59 one-way, to/from Albany, NY > $64 one-way, to/from Kansas City, MO > >Corpus Christi, TX > $99 one-way, to/from Amarillo, TX > $99 one-way, to/from Lubbock, TX > >Dallas Love Field, TX > $56 one-way, to/from El Paso, TX > $36 one-way, to/from Oklahoma City, OK > >Detroit, MI > $99 one-way, to/from Hartford, CT/Springfield, MA > $52 one-way, to/from Raleigh-Durham, NC > >El Paso, TX > $61 one-way, to/from Austin, TX > $56 one-way, to/from Dallas Love Field, TX > >Ft. Lauderdale/Hollywood, FL > $30 one-way, to/from Jacksonville, FL > $30 one-way, to/from Tampa Bay, FL > >Harlingen/South Padre Island, TX > $99 one-way, to/from Lubbock, TX > $99 one-way, to/from Midland/Odessa, TX > >Hartford, CT/Springfield, MA > $99 one-way, to/from Detroit, MI > $99 one-way, to/from Tampa Bay, FL > >Houston Bush Intercontinental, TX > $56 one-way, to/from Tulsa, OK > >Houston Hobby, TX > $99 one-way, to/from Chicago Midway, IL > $67 one-way, to/from Nashville, TN > $56 one-way, to/from Tulsa, OK > >Indianapolis, IN > $99 one-way, to/from Los Angeles, CA > $99 one-way, to/from Providence, RI > >Jackson, MS > $65 one-way, to/from Chicago Midway, IL > $99 one-way, to/from St. Louis, MO > >Jacksonville, FL > $30 one-way, to/from Ft. Lauderdale/Hollywood, FL > $68 one-way, to/from Long Island/Islip, NY > >Kansas City, MO > $64 one-way, to/from Columbus, OH > $36 one-way, to/from Nashville, TN > >Las Vegas, NV > $34 one-way, to/from Los Angeles, CA > $34 one-way, to/from Ontario, CA > >Little Rock, AR > $99 one-way, to/from Midland/Odessa, TX > $99 one-way, to/from Providence, RI > >Long Island/Islip, NY > $68 one-way, to/from Jacksonville, FL > $57 one-way, to/from Louisville, KY > >Los Angeles, CA > $99 one-way, to/from Indianapolis, IN > $34 one-way, to/from Las Vegas, NV > >Louisville, KY > $37 one-way, to/from Baltimore Washington Int'l, MD > $57 one-way, to/from Long Island/Islip, NY > >Lubbock, TX > $99 one-way, to/from Corpus Christi, TX > $99 one-way, to/from Harlingen/South Padre Island, TX > >Manchester, NH > $99 one-way, to/from Birmingham, AL > $63 one-way, to/from Cleveland, OH > >Midland/Odessa, TX > $99 one-way, to/from Harlingen/South Padre Island, TX > $99 one-way, to/from Little Rock, AR > >Nashville, TN > $65 one-way, to/from Albany, NY > $67 one-way, to/from Houston Hobby, TX > $36 one-way, to/from Kansas City, MO > >New Orleans, LA > $46 one-way, to/from Orlando, FL > $46 one-way, to/from Tampa Bay, FL > >Norfolk, VA/Southern Virginia > $30 one-way, to/from Baltimore Washington Int'l, MD > $48 one-way, to/from Buffalo/Niagara Falls, NY > >Oakland, CA > $46 one-way, to/from Portland, OR > $50 one-way, to/from Salt Lake City, UT > >Oklahoma City, OK > $36 one-way, to/from Dallas Love Field, TX > $60 one-way, to/from San Antonio, TX > >Omaha, NE > $41 one-way, to/from Chicago Midway, IL > $99 one-way, to/from Reno/Tahoe, NV > >Ontario, CA > $34 one-way, to/from Las Vegas, NV > $30 one-way, to/from Phoenix, AZ > >Orlando, FL > $46 one-way, to/from New Orleans, LA > $30 one-way, to/from West Palm Beach, FL > >Phoenix, AZ > $99 one-way, to/from Austin, TX > $30 one-way, to/from Ontario, CA > >Portland, OR > $46 one-way, to/from Oakland, CA > $99 one-way, to/from San Diego, CA > >Providence, RI > $99 one-way, to/from Indianapolis, IN > $99 one-way, to/from Little Rock, AR > >Raleigh-Durham, NC > $52 one-way, to/from Detroit, MI > $99 one-way, to/from San Antonio, TX > >Reno/Tahoe, NV > $99 one-way, to/from Omaha, NE > $48 one-way, to/from Seattle/Tacoma, WA > >Sacramento, CA > $66 one-way, to/from Boise, ID > $30 one-way, to/from Burbank, CA > >Salt Lake City, UT > $30 one-way, to/from Boise, ID > $50 one-way, to/from Oakland, CA > >San Antonio, TX > $63 one-way, to/from Amarillo, TX > $60 one-way, to/from Oklahoma City, OK > $99 one-way, to/from Raleigh-Durham, NC > >San Diego, CA > $99 one-way, to/from Portland, OR > $30 one-way, to/from Tucson, AZ > >San Jose, CA > $30 one-way, to/from Burbank, CA > $58 one-way, to/from Spokane, WA > >Seattle/Tacoma, WA > $48 one-way, to/from Reno/Tahoe, NV > $30 one-way, to/from Spokane, WA > >Spokane, WA > $58 one-way, to/from San Jose, CA > $30 one-way, to/from Seattle/Tacoma, WA > >St. Louis, MO > $54 one-way, to/from Birmingham, AL > $99 one-way, to/from Jackson, MS > >Tampa Bay, FL > $30 one-way, to/from Ft. Lauderdale/Hollywood, FL > $99 one-way, to/from Hartford, CT/Springfield, MA > $46 one-way, to/from New Orleans, LA > >Tucson, AZ > $34 one-way, to/from Albuquerque, NM > $30 one-way, to/from San Diego, CA > >Tulsa, OK > $99 one-way, to/from Albuquerque, NM > $56 one-way, to/from Houston Bush Intercontinental, TX > $56 one-way, to/from Houston Hobby, TX > >West Palm Beach, FL > $70 one-way, to/from Buffalo/Niagara Falls, NY > $30 one-way, to/from Orlando, FL > >Details for this week's Click 'n Save and >Anniversary Specials: > >*Available only on southwest.com. >*7-day advance purchase required. >*Available on published, scheduled service. >*Travel any day of the week >*Fares shown are one-way and do not include federal > excise tax of up to $3.00 for each flight segment. > (a segment is defined as a takeoff and landing) >*Fares do not include airport-assessed passenger > facility charges (PFC) of up to $9 one-way. >*Fares are nonrefundable, but (except for tickets > purchased through our Group Tickets Program) > may be applied toward future travel on Southwest Airlines. >*Travel November 27, 2001 through April 5, 2002, > except for December 21, 22, 28-30, 2001, and January 1, 2002. >*Purchase through November 22, 2001, midnight Pacific Time. >*Fares are available one-way or can be combined > with other fare types. Most restrictive rules of combined > fares will apply. >*Penalty applies to any changes made after purchasing > Southwest Internet Specials. > >For more details, please visit us at: >http://www.southwest.com/jp/hotfares2.shtml?src=1120 > >****************southwest.com Featured Destination********** > >This week's Featured Destination is the warmth and comfort >of your family dinner table. We wish you many joys this >holiday season. At Southwest Airlines, we are thankful to have >wonderful Customers like you. > >Happy Thanksgiving. > >**************** Additional Information section ***************** > >Additional information you need to know about all of our >air fare specials: > >*Changes to any portion of the reservation > (flight, dates, cities, and/or names of passengers), > once purchased, will result in the cancellation of > the ENTIRE reservation and rebooking at the lowest > fare available which could result in a fare increase. >*Southwest specials are nonchangeable > and nonrefundable. >*Ticketless Travel may be purchased online using > either a credit card or by utilizing funds from a > previously unused or cancelled Ticketless > Travel reservation(s). Funds from up to four cancelled > or unused Ticketless Travel reservation records can > be combined to purchase a new Ticketless Travel > reservation record. Southwest Airlines travel credit > (e.g., travel voucher, gift certificate, discount coupon) > may not be used as forms of payment for > Ticketless Travel Online. >*Unused funds may be applied toward future travel on > Southwest Airlines within one year of the original purchase date. >*Seats are limited and won't be available on some > flights that operate during very busy travel times > and holiday periods such as Christmas and New Years. >*Standby travel requires an upgrade to the > full unrestricted fare. > >********* Southwest Airlines Systemwide Fare Sale *********** > >$39-$99 each way Promotional Fare Specials with 7-day >Advance Purchase for travel Tuesday, Wednesday, and >Saturday. > >$44-$129 each way for travel Monday, Thursday, >Friday, and Sunday. > >For additional information, please visit: >http://www.southwest.com/travel_center/genmkt_110901.html?src=e1120 > >******************** Subscriber Information *********************** >Please pass this great news on to your friends. >To subscribe to Southwest Airlines Click 'n Save E-mail >Updates, visit: >http://www.southwest.com/email/ > >Remember, if you change your Internet service provider, >you will need to unsubscribe and resubscribe in order >to continue receiving Click 'n Save E-mail Updates. >For administration on your e-mail subscription, please visit: >http://www.southwest.com/email/emailUnsubscribe.html > >****************************************************************** >You may retrieve and print a copy of your Southwest >Airlines Ticketless Travel at: >http://www.southwest.com/travel_center/retrieveItinerary.html > >Questions about your flight arrival or departure time? >Please visit us at: >http://www.southwest.com/flifo/ >****************************************************************** >This is a post only mailing from Southwest Airlines. >Please do not attempt to respond to this message. > >Copyright 2001 Southwest Airlines Co. All Rights Reserved. > > >--- >You are currently subscribed to special-offers as: mtaylo9@lsu.edu >You can unsubscribe anytime at http://www.southwest.com/email/ > _________________________________________________________________ Get your FREE download of MSN Explorer at http://explorer.msn.com/intl.asp",0,TREC-05,seven-phishing-email,en,bf26ed5ef35ad60a278e3b40b7cdb41a433de5b951ec579f5b0fa12a9ab0ce46,0.8122108639218649,1,True,0.5854083528288294,1,0.2268025110930355,False,0.8122108639218649,0.3122108639218649,false_positive_v2
email-0120092,"Subject: promotion

congrads ! ! ! !",0,Enron,seven-phishing-email,en,9639e0856a1e6717d370f80100268963720317df453cd63b212a3235435d8b9b,0.7568134533997114,1,True,0.3096101894498627,0,0.4472032639498487,True,0.7568134533997114,0.2568134533997114,false_positive_v2
email-0081813,"Subject: Now use PayPal to buy Call Out minutes!

Now use PayPal to buy Call Out minutes!

More ways than ever to charge your Gizmo5 account!
 * Paypal
 * Google Checkout
 * Moneybookers
 * Bank Transfer

Purchase in the next 48 hours and get $2 bonus credit!

Buy Now:
https://my.gizmo5.com

-------------------------------------------------------------------------------
If you are a small business owner, check out our Business Program at 
http://gizmo5.com/business to learn how Gizmo5 can save you money!

Please do not reply to this email. To contact Gizmo5, 
please visit http://support.gizmo5.com

This email message was sent to ta-meyer@ihug.co.nz. If you do not wish to receive
further communications from Gizmo5, you can unsubscribe here:
http://my.gizmoproject.com/unsubscribe?command=88b6b1111dbd1f865cef7467c07b347ac3fa3de72c3931a2c4dd59b199023dec157260ecfa6c8f18df55063f6612a6fd67147fa6b4a3aaefe382b8ee81943ed5af0407a03e39e28a5b88cafa7e81ad01e6cd26b1b5a389129316d30bb70e1897c73481505a05d6a2647b4a186ca2858f.",0,CEAS-08,seven-phishing-email,en,aab95fe2b828fda9f056c14959b3b837ac591dde19e42334c73a4f5358d2043a,0.8201339543868887,1,True,0.9999964835562082,1,0.17986252916931944,False,0.8201339543868887,0.32013395438688874,false_positive_v2
email-0154569,"Subject: e-bay auction # 1470474982 (nancy drew set)

Hello

Thanks for the quick response, if you wish to pay via visa I personally 
can't process your card you would need to either open an account with 
www.paypal.com or www.bidpay.com -both of them take about a minute to set 
up, but please note paypal is a free service while bidpay charges (but is 
easier to use).

All prices are in US dollars. Please e-mail me your shipping address for 
faster order processing, and include your e-mail address or auction info 
with your payment to avoid processing delays.

Item of purchase : NANCY DREW COMPLETE 54 HARDCOVER BOOK SET NEW
Price : $165.00
Surface shipping (5-10 days) : $30.00 - For faster shipping options see below
Total : $195.00

- For Insurance ADD $2.00 - (if nothing arrives I will send another one no 
hassles)
- For airmail shipping ADD $10.00 - (4-5 days delivery time on average)
- For express shipping ADD $20.00 - (2-4 days guaranteed with tracking and 
is insured)

Payment options:

(1) Pay by credit card: through www.paypal.com (see end of e-mail for more 
info) or www.bidpay.com and the item will be shipped out as soon as 
possible - note: paypal is a free service while bidpay is not
(2) Pay by money order: Upon receipt of the money order I will ship the 
item out asap.

Please send you payments and make payable to:

Ms. Liz Olsen
22773 Reid Avenue
Maple Ridge, B.C.
V2X 4G7
Canada
*PLEASE remember it costs 60 cents (not 34) cents to send a letter to Canada

Paying with Paypal:

If you do not have a paypal account you will need to open one here is the 
link: https://secure.paypal.com/refer/pal=onservice@telus.net

Just click on the ""sign up"" button on the top right corner. Please enter 
your information about your self. Paypal is the most popular online payment 
service available, and most auction sellers accept it. I also recommend 
paypal because you can pay via credit card or bank account (takes a while 
with a bank account) and they do not process your credit card on-line as 
most web sites do, thus your information is not stored on the internet and 
not readily available to hackers.

If you have a paypal account or have just finished signing up go to 
www.paypal.com and sign in. Then click ""send money"" at the top of the main 
page. On the next screen you need to enter info about the auction, my 
e-mail address is onservice@telus.net and my last name is Olsen. If you 
wish the item to be shipped somewhere besides your billing address please 
make that clear under the section where you can leave a note.

It takes about 30 seconds to send money via paypal, and when you have 
finished sending it paypal will send me an e-mail, upon receipt of 
confirmation of payment being received I will ship the item asap.

Visit my webpage at www.INNERHORIZON.com for other great deals on
books, movies and computer games!

 Thank you
 onservice@telus.net",0,TREC-05,seven-phishing-email,en,6ea69d641c9c193e7b3c4ae5be1fd2129c9db29982e1f2ac22c66e60eb4db040,0.8148675907929733,1,True,0.9998586164252233,1,0.18499102563225,False,0.8148675907929733,0.31486759079297333,false_positive_v2
email-0126613,"Subject: [Reform] Three Steps to the Software You Need at the Prices You Want

OEM means Original Equipment Manufacturer. So OEM is synonym for lowest price.
OEM software means no CD/DVD, no packing case, no booklets and no overhead cost!

Buy directly from the manufacturer, pay for software ONLY and save 75-90%!

Check discounts and special offers! Find software for home and office!
 TOP ITEMS

Windows XP Pro w/SP2 $49
MS Office Enterprise 2007 $79
Adobe Acrobat 8 Pro $79
Microsoft Windows Vista Ult $79
Macromedia Studio 8 $99
Adobe Premiere 2.0 $59
Corel Grafix Suite X3 $59
Adobe Illustrator CS2 $59
Macromedia Flash Prof 8 $49
Adobe Photoshop CS2 V9.0 $69
Macromedia Studio 8 $99
Autodesk Autocad 2007 $129
Adobe Creative Suite 2 $149
http://ptn.kruoemf.com/?4E856702BBCADEC47F5753F98E3E4D32558E2F05A189EDCA72474DEFC3325F&t0
----
 Top items for Mac:
Adobe Acrobat PR0 7 $69
Adobe After Effects $49
Macromedia Flash Pro 8 $49
Adobe Creative Suite 2 Prem $149
Ableton Live 5.0.1 $49
Adobe Photoshop CS $49
http://ptn.kruoemf.com/-software-for-mac-.php?4E856702BBCADEC47F5753F98E3E4D32558E2F05A189EDCA72474DEFC3325F&t6
----
 Popular eBooks:
Home Networking For Dummies 3rd Edition $10
Windows XP Gigabook For Dummies $10
Adobe CS2 All in One Desk Reference For Dummies $10
Adobe Photoshop CS2 Classroom in a Book(Adobe Press) $10
----
Find more by these manufacturers:
Microsoft...Mac...Adobe...Borland...Macromedia...IBM
http://ptn.kruoemf.com/?4E856702BBCADEC47F5753F98E3E4D32558E2F05A189EDCA72474DEFC3325F&t4
----

Do explain, she demanded. Expl
She turned to Judith. We were 
They? Iain asked. His soldiers
You slept with his soldiers to
She didnt understand that Iain

_______________________________________________
Reform mailing list
Reform@meerschwein.hh.schule.de
http://gsw.dyndns.org/cgi-bin/mailman/listinfo/reform",0,TREC-07,seven-phishing-email,en,5cdf4dc96a285e3195eb69587bd7ee09e3091bfeee496f3e04e6b4440ee3befe,0.8018868067607187,1,True,0.9991338892513643,1,0.1972470824906456,False,0.8018868067607187,0.30188680676071866,false_positive_v2
email-0076630,"Subject: Please look! Romanian sheepskin vest

Check it out!

http://cgi.ebay.com/ws/eBayISAPI.dll?ViewItem&category=52383&item=8166421998&rd=1&ssPageName=WDVW",0,TREC-06,seven-phishing-email,en,2b7147356839dc9b73cd69509cc3c10e469161cdd38d19edf8eb75fc94ce5599,0.8059682659042613,1,True,0.9574299755615407,1,0.15146170965727945,False,0.8059682659042613,0.3059682659042613,false_positive_v2
email-0089734,"Subject: A crusade against bad EULAs [Newsletter Comp Version]

A new issue of the Windows Secrets Newsletter is now 
available. Please visit:

http://WindowsSecrets.com/comp/070607

If you're having any problems with your subscription, please
let me know using the contact page shown below.

Thanks,

Brian Livingston
Editorial Director, Windows Secrets Newsletter
http://WindowsSecrets.com/contact

____________________________________________________________

You subscribed using the address langa3@speedy.uwaterloo.ca
Your reader number is 83107-13329

To change your delivery address or other settings, visit your 
preferences page:

http://WindowsSecrets.com/prefs/?r=83107-13329&e=langa3@speedy.uwaterloo.ca

To unsubscribe langa3@speedy.uwaterloo.ca
from the Windows Secrets Newsletter:

 Visit http://WindowsSecrets.com/unsubscribe OR

 Send a blank e-mail to unsub@WindowsSecrets.net with
 ""leave langa3@speedy.uwaterloo.ca"" as the subject line.

All subscribers are covered by our Ironclad Privacy Guarantee:

1. We will never sell, rent, or give away your address to
 any outside party, ever;
2. We will never send you any other unrequested e-mail,
 besides newsletter updates; and
3. All unsubscribe requests are always honored immediately,
 period.

The Windows Secrets Newsletter is published weekly on the 1st 
through 4th Thursdays of each month, plus occasional news 
updates. Vacation breaks occur in late August, Thanksgiving 
Week, and Christmas/New Year's. Publisher: WindowsSecrets.com, 
Attn.: #120 Editor, 1700 7th Ave., Suite 116, Seattle, WA 
98101-1323 USA.",0,TREC-07,seven-phishing-email,en,42d7fa5af3215d666d0ba34dfd1d97f571ee379dc2b6a0f36455fde1861d2b32,0.7930844723765498,1,True,0.991549162320894,1,0.19846468994434419,False,0.7930844723765498,0.2930844723765498,false_positive_v2
email-0140116,"Subject: Gatherco Files

From their website",0,TREC-05,seven-phishing-email,en,12e4cce6800045a8fd5e85d44a98f2b2b56ec54ff5ebf03eeca32213de8c51cf,0.8090269576668124,1,True,0.942797206721497,1,0.1337702490546846,False,0.8090269576668124,0.30902695766681243,false_positive_v2
email-0156160,"Subject: [Reform] Vigramax is something unique, easily available and works dynamically. It is one of the fast acting anti-impotence drugs that achieves its maximum plasma concentration within 30 minutes.

Simply take Vigramax 30 minutes before sex and enjoy Longer Lasting sex with a rock hard erection. Much to my surprise, my wife and I started to see results within the first week. Your product is, simply put, amazing!http://kidhonet.comSimply take Vigramax 30 minutes before sex and enjoy Longer Lasting sex with a rock hard erection.",0,TREC-07,seven-phishing-email,en,d6d0449fbe3d6c0b257d741fd7a4ba8b62c8d692b8355de3bf319cd02f014f8f,0.7876666394788027,1,True,0.9996400889878506,1,0.21197344950904795,False,0.7876666394788027,0.28766663947880267,false_positive_v2
email-0074303,"Subject: couldn't sleep again!

What is the lowest amount on the stocks you have and how many?
heart
me",0,TREC-05,seven-phishing-email,en,fc45043ebde6ff73463711340c1056771a3463004cbc2b617e9072dca4444d9b,0.7906786356684092,1,True,0.9863195297254638,1,0.19564089405705454,False,0.7906786356684092,0.29067863566840924,false_positive_v2
email-0096512,"Subject: A friend

A simple friend has never seen you cry. 
A real friend has shoulders soggy from your tears. 

A simple friend doesn't know your parents' first names. 
A real friend has their phone numbers in his address book. 

A simple friend brings a bottle of wine to your party. 
A real friend comes early to help you cook and stays late to help you clean. 

A simple friend hates it when you call after he has gone to bed. 
A real friend asks you why you took so long to call. 

A simple friend seeks to talk with you about your problems. 
A real friend seeks to help you with your problems. 

A simple friend wonders about your romantic history. 
A real friend could blackmail you with it. 

A simple friend, when visiting, acts like a guest. 
A real friend opens your refrigerator and helps himself. 

A simple friend thinks the friendship is over when you HAVE an argument. 
A real friend knows that it's not a friendship until after you've had a fight. 

A simple friend expects you to always be there for them. 
A real friend expects to always be there for you!",0,TREC-05,seven-phishing-email,en,2ecbd9bcd02a5f6ef9d891d2021b3e2826763f6b06b1d33cee1bd6263914f011,0.7890630713165795,1,True,0.9800188281429506,1,0.19095575682637111,False,0.7890630713165795,0.2890630713165795,false_positive_v2
email-0119628,"Subject: [Reform] cheap oem soft shipping //orldwide

OEM software: throw packing case, leave CD/DVD, use electronic manuals!
If you need software - pay for software ONLY and save 75-90%!

Discounts! Special offers! For home and office!
 TOP 1O ITEMS

 $49 Windows XP PR0 w/SP2
 $79 MS 0ffice Enterprise 2OO7
 $79 AD0BE Acrobat 8 Pro
 $79 Microsoft Windows Vista Ultimate
 $99 Macromedia Studio 8
 $59 AD0BE Premiere 2.0
 $59 Corel Grafix Suite X3
 $59 AD0BE Illustrator CS2
$129 Autodesk Autocad 2O07
$149 AD0BE Creative Suite 2
http://srv.nukasoftfo.com/?4E856702BBCADEC47F5753F98E3E4D32558E2F05A189EDCA72474DEFC3325F&t0
----
 Mac Special Offers:
AD0BE Acrobat PR0 7 $69
AD0BE After Effects $49
AD0BE Creative Suite 2 Premium $149
Ableton Live 5.O.1 $49
AD0BE Photoshop CS $49
http://srv.nukasoftfo.com/-software-for-mac-.php?4E856702BBCADEC47F5753F98E3E4D32558E2F05A189EDCA72474DEFC3325F&t6
----
Find more by these manufacturers:
MlCROS0FT...Mac...AD0BE...B0RLAND...MACR0MEDlA
http://srv.nukasoftfo.com/?4E856702BBCADEC47F5753F98E3E4D32558E2F05A189EDCA72474DEFC3325F&t4
----

Checkmate. Chapter Five Th
Both the bride and the groom a
Nicholaa refused to look up at
He kept his gaze directed at t

_______________________________________________
Reform mailing list
Reform@meerschwein.hh.schule.de
http://gsw.dyndns.org/cgi-bin/mailman/listinfo/reform",0,TREC-07,seven-phishing-email,en,9f0606af30fedb400f27fab0e6b2927ac2db28aa3c3673b6382e5cbfcd49b0b4,0.7794332120142893,1,True,0.9955214608317924,1,0.2160882488175031,False,0.7794332120142893,0.2794332120142893,false_positive_v2
email-0089858,"Subject: Driver signing is a failure for Vista [Newsletter Comp Version]

A new issue of the Windows Secrets Newsletter is now 
available. Please visit:

http://WindowsSecrets.com/comp/070510

If you're having any problems with your subscription, please
let me know using the contact page shown below.

Thanks,

Brian Livingston
Editorial Director, Windows Secrets Newsletter
http://WindowsSecrets.com/contact

____________________________________________________________

You subscribed using the address langa2@speedy.uwaterloo.ca
Your reader number is 82660-13329

To change your delivery address or other settings, visit your 
preferences page:

http://WindowsSecrets.com/prefs/?r=82660-13329&e=langa2@speedy.uwaterloo.ca

To unsubscribe langa2@speedy.uwaterloo.ca
from the Windows Secrets Newsletter:

 Visit http://WindowsSecrets.com/unsubscribe OR

 Send a blank e-mail to unsub@WindowsSecrets.net with
 ""leave langa2@speedy.uwaterloo.ca"" as the subject line.

All subscribers are covered by our Ironclad Privacy Guarantee:

1. We will never sell, rent, or give away your address to
 any outside party, ever;
2. We will never send you any other unrequested e-mail,
 besides newsletter updates; and
3. All unsubscribe requests are always honored immediately,
 period.

The Windows Secrets Newsletter is published weekly on the 1st 
through 4th Thursdays of each month, plus occasional news 
updates. Vacation breaks occur in late August, Thanksgiving 
Week, and Christmas/New Year's. Publisher: WindowsSecrets.com, 
Attn.: #120 Editor, 1700 7th Ave., Suite 116, Seattle, WA 
98101-1323 USA.",0,TREC-07,seven-phishing-email,en,365cfe40f63752f96234a97bcbb9d297c32f56de4385470fc6b8e163e1b1cd8e,0.7766908485442672,1,True,0.9913652665170151,1,0.2146744179727479,False,0.7766908485442672,0.2766908485442672,false_positive_v2
email-0172668,"korean software for macintosh dear sir / madam , would you please send me any information about korean software for macintosh , iatl proceedings ?",0,zefang-phishing-email,zefang-phishing-email,en,5b2be71d3a27cac4675ba4db8622fe183332485b18660ea9f3726a0c4de158af,0.782103797650175,1,True,0.9699027951295126,1,0.1877989974793376,False,0.782103797650175,0.282103797650175,false_positive_v2
email-0023596,"Subject: Holiday Values at KSL Resorts

Click here if you do not wish to receive future emailings from us",0,TREC-05,seven-phishing-email,en,1487e65d13077ded73372a863da8986a1798845082c29ab08bc92034159cd62e,0.7733834398794114,1,True,0.9931678874340633,1,0.21978444755465187,False,0.7733834398794114,0.2733834398794114,false_positive_v2
email-0068027,"Subject: Skype is now mobile

Skype is now mobile

See this email as a webpage: http://www.skype.com/email/q2_2008_mobility_win/en_ROW/

Take a deep breath™. Skype.com

Hello tonyandrewmeyer

Buy credit · Tell a friend about Skype · Download the latest Skype

Take free with you.
Wherever you go, Skype can come too.

More and more people are using Skype on the move – on mobile phones and in WiFi hotspots on the latest portable devices. Pick the option that works for you.

3 Skypephone
Hit the Skype button to call or instant message your friends on Skype, free. This super-stylish 3G phone from mobile operator 3 has Skype built-in, plus a 2-megapixel camera and mp3 player.
Take a closer look

Save money with a Skype To Go number.
If you regularly call international numbers from your mobile, a Skype To Go number is the answer. It’s a special access number you can dial to call almost anywhere in the world – from any phone or mobile in your country – and save with great rates. 
See how Skype To Go works

Add Skype to your favourite portable device.
If you have a PSP® (PSP®-2000 series) or a Nokia Internet Tablet (N800/N810) you can install Skype and use it to call friends on Skype free, or any phone in the world for a little calling credit. Call from cafés, hotels, airports – anywhere with WiFi.
More about free device downloads

Free tool for business.
If you're a manager or administrator, the Business Control Panel is the easy way to control Skype Credit expenditure within your business and centrally-manage employees' credit balances.
Find out more

Talk soon,
 The people at Skype
 

Unsubscribe from our emails.
Help · I forgot my password · Terms of Service · Account settings
To ensure you receive all future newsletters, please save the email address uiaregi@news.skype.com to your contacts.
© 2003-2008 Skype Limited.
 Skype Communications S.a.r.l., 22/24 Boulevard Royal, Luxembourg L2449.
Skype, SkypeIn, SkypeOut, Skypecasts, Skype Certified, SkypeMe!, Skype Pro, SkypeFind, Skype Prime, Skype To Go, associated logos and the ‘S’-symbol are trademarks of Skype Limited.",0,CEAS-08,seven-phishing-email,en,9443ab5513b36bb7ee1d353c1490f9de55fb8884aa6a3dc42a2d2382ec84855b,0.7665598306988869,1,True,0.9999820302840364,1,0.23342219958514954,False,0.7665598306988869,0.2665598306988869,false_positive_v2
email-0056256,"Subject: Microsoft, McAfee, Symantec charge cards repeatedly [Newsletter Comp Version]

A new issue of the Windows Secrets Newsletter is now 
available. Please visit:

http://WindowsSecrets.com/comp/070517

If you're having any problems with your subscription, please
let me know using the contact page shown below.

Thanks,

Brian Livingston
Editorial Director, Windows Secrets Newsletter
http://WindowsSecrets.com/contact

____________________________________________________________

You subscribed using the address langa3@speedy.uwaterloo.ca
Your reader number is 83107-13329

To change your delivery address or other settings, visit your 
preferences page:

http://WindowsSecrets.com/prefs/?r=83107-13329&e=langa3@speedy.uwaterloo.ca

To unsubscribe langa3@speedy.uwaterloo.ca
from the Windows Secrets Newsletter:

 Visit http://WindowsSecrets.com/unsubscribe OR

 Send a blank e-mail to unsub@WindowsSecrets.net with
 ""leave langa3@speedy.uwaterloo.ca"" as the subject line.

All subscribers are covered by our Ironclad Privacy Guarantee:

1. We will never sell, rent, or give away your address to
 any outside party, ever;
2. We will never send you any other unrequested e-mail,
 besides newsletter updates; and
3. All unsubscribe requests are always honored immediately,
 period.

The Windows Secrets Newsletter is published weekly on the 1st 
through 4th Thursdays of each month, plus occasional news 
updates. Vacation breaks occur in late August, Thanksgiving 
Week, and Christmas/New Year's. Publisher: WindowsSecrets.com, 
Attn.: #120 Editor, 1700 7th Ave., Suite 116, Seattle, WA 
98101-1323 USA.",0,TREC-07,seven-phishing-email,en,0abc25c6d67f25b4578c7805dc3e972957589aed9e3e7690915e8e850d16c697,0.7681287319763331,1,True,0.9928780353951216,1,0.22474930341878852,False,0.7681287319763331,0.26812873197633313,false_positive_v2
email-0042313,"Subject: Microsoft, McAfee, Symantec charge cards repeatedly [Newsletter Comp Version]

A new issue of the Windows Secrets Newsletter is now 
available. Please visit:

http://WindowsSecrets.com/comp/070517

If you're having any problems with your subscription, please
let me know using the contact page shown below.

Thanks,

Brian Livingston
Editorial Director, Windows Secrets Newsletter
http://WindowsSecrets.com/contact

____________________________________________________________

You subscribed using the address langa2@speedy.uwaterloo.ca
Your reader number is 82660-13329

To change your delivery address or other settings, visit your 
preferences page:

http://WindowsSecrets.com/prefs/?r=82660-13329&e=langa2@speedy.uwaterloo.ca

To unsubscribe langa2@speedy.uwaterloo.ca
from the Windows Secrets Newsletter:

 Visit http://WindowsSecrets.com/unsubscribe OR

 Send a blank e-mail to unsub@WindowsSecrets.net with
 ""leave langa2@speedy.uwaterloo.ca"" as the subject line.

All subscribers are covered by our Ironclad Privacy Guarantee:

1. We will never sell, rent, or give away your address to
 any outside party, ever;
2. We will never send you any other unrequested e-mail,
 besides newsletter updates; and
3. All unsubscribe requests are always honored immediately,
 period.

The Windows Secrets Newsletter is published weekly on the 1st 
through 4th Thursdays of each month, plus occasional news 
updates. Vacation breaks occur in late August, Thanksgiving 
Week, and Christmas/New Year's. Publisher: WindowsSecrets.com, 
Attn.: #120 Editor, 1700 7th Ave., Suite 116, Seattle, WA 
98101-1323 USA.",0,TREC-07,seven-phishing-email,en,2ce15ad64832ce654aee9cce1862e95d3e808f8d3e376a6a567721ec7308bbfc,0.7681287319763331,1,True,0.9928780353951216,1,0.22474930341878852,False,0.7681287319763331,0.26812873197633313,false_positive_v2
email-0151530,"Subject: [Reform] Creative Suite 3 Premium only $269

Wheel tracks entrench themselves in snow, yet paintedTrampled snow is the only rose.Looms in the air, deliberate and slow,Never does any motion, sound, or lightSeized from creation by nonentity,Seems reflected in the infinite of the lamps.Against which we have been projected? What . . .To follow in the path of their brief blossomingIn a single floral stroke,Oh you builders,Onto my frozen fingers.Choces, Mère and Père, undreaming even of fieldsComes up with as a means to its own end.Where, as I discover as I go throughI've drifted somewhat from the distant heartLike theirs ends? From what distant point of visionAt these masses the snow hides from me.Reshaping magnified, each risen flakeHomeward into the howling woods, although",0,TREC-07,seven-phishing-email,en,42a66344c2aa5c87114ab424e19cf50b1e9f5728ebce5da56f7081ff7bc4b23f,0.6927655512236245,1,True,0.17129020584549046,0,0.521475345378134,True,0.6927655512236245,0.1927655512236245,false_positive_v2
email-0004244,"Subject: How DEP can protect your PC [Newsletter Comp Version]

A new issue of the Windows Secrets Newsletter is now 
available. Please visit:

http://WindowsSecrets.com/comp/070503

If you're having any problems with your subscription, please
let me know using the contact page shown below.

Thanks,

Brian Livingston
Editorial Director, Windows Secrets Newsletter
http://WindowsSecrets.com/contact

____________________________________________________________

You subscribed using the address langa3@speedy.uwaterloo.ca
Your reader number is 83107-13329

To change your delivery address or other settings, visit your 
preferences page:

http://WindowsSecrets.com/prefs/?r=83107-13329&e=langa3@speedy.uwaterloo.ca

To unsubscribe langa3@speedy.uwaterloo.ca
from the Windows Secrets Newsletter:

 Visit http://WindowsSecrets.com/unsubscribe OR

 Send a blank e-mail to unsub@WindowsSecrets.net with
 ""leave langa3@speedy.uwaterloo.ca"" as the subject line.

All subscribers are covered by our Ironclad Privacy Guarantee:

1. We will never sell, rent, or give away your address to
 any outside party, ever;
2. We will never send you any other unrequested e-mail,
 besides newsletter updates; and
3. All unsubscribe requests are always honored immediately,
 period.

The Windows Secrets Newsletter is published weekly on the 1st 
through 4th Thursdays of each month, plus occasional news 
updates. Vacation breaks occur in late August, Thanksgiving 
Week, and Christmas/New Year's.

Publisher: WindowsSecrets.com LLC, Attn.: #120 Editor, 
1700 7th Ave., Suite 116, Seattle, WA 98101-1323 USA.",0,TREC-07,seven-phishing-email,en,85b4f50b1d0f7a90e5c2edc62c423bc6ba4ad42688c6acfd54ab5ea925f3f864,0.7665181809158693,1,True,0.990608980494566,1,0.2240907995786967,False,0.7665181809158693,0.2665181809158693,false_positive_v2
email-0103242,"Subject: calendar

here ' s the site . . . http : / / www . hemmings . com",0,Enron,seven-phishing-email,en,65cff35363efcf050171f4773562e7574db749170f82a08293bbab354794a429,0.7627747249817977,1,True,0.9737272651055605,1,0.21095254012376286,False,0.7627747249817977,0.26277472498179766,false_positive_v2
email-0004682,"Subject: Announcing the New Netscape 7.0 - The Fastest Netscape Browser Ever

This is a multi-part message in MIME format. --______BoundaryOfDocument______ Content-Type: text/plain Content-Transfer-Encoding: 7bit Netscape Valued Customer: Announcing the NEW Netscape 7.0 Browser! Download it now for FREE! For more information and to download now, click here: http://dms-www01.netcenter.com/cgi-bin/gx.cgi/mcp?p=041Lnf041LoE51b9er012000W2TBvFJ Get Netscape 7.0 - the Fastest Netscape Browser Ever! It's easier than ever to upgrade to Netscape 7.0, and keep your bookmarks and browser settings. Upgrade to the NEW Netscape 7.0, and get the most from your time on-line. And Netscape 7.0 is also available on CD for FREE! Click here to order the CD and Guidebook: http://dms-www01.netcenter.com/cgi-bin/gx.cgi/mcp?p=041Lnh041LoE51b9er012000W2TBvFJ The Netscape Browser Team ----------------------------------------------------------- Netscape respects your online time and Internet privacy. If you would prefer not to receive future email messages from Netscape Netbusiness, please click on the following link or simply reply to this email and type ""REMOVE"" in the subject line. PLEASE NOTE: DO NOT CLICK ON THE LINK UNLESS YOU WANT TO UNSUBSCRIBE. http://dms-www01.netcenter.com/cgi-bin/gx.cgi/mcp?p=041LoB3SLb41LoE51b9er012000W2TBvFJ You are subscribed with:[ler@lerami.lerctr.org] (c) 2002 Netscape. All Rights Reserved. Privacy Policy, Terms of Service. http://channels.netscape.com/ns/browsers/download.jsp --______BoundaryOfDocument______ Content-Type: text/html Content-Transfer-Encoding: 7bit Netscape 7.0 Announcing the NEW Netscape 7.0 Browser! Download it now for FREE! Get Netscape 7.0 - the Fastest NetscapeBrowser Ever! It's easier than ever to upgrade to Netscape 7.0, and keep your bookmarks and browser settings. Upgrade to the NEW Netscape 7.0, and get the most from your time on-line. To Unsubscribe, click here and follow the instructions on the following page - or simply reply to this e-mail and type ""REMOVE"" in the subject line. © 2002 Netscape, All Rights Reserved. Legal & Privacy Notices --______BoundaryOfDocument______-- : annmn:[041LoE041LoE51b9er012000W2TBvFJ]",0,Assassin,seven-phishing-email,en,337805f5471e51016e13b861680202e7261dde02d867f84da223f43a53286673,0.7509828874671065,1,True,0.9977382228004457,1,0.24675533533333915,False,0.7509828874671065,0.2509828874671065,false_positive_v2
email-0000899,"Subject: Free Bic Duo From Business Supply

Coupon

 
Bic Duo Ballpoint Highlighter Combo Pen, Black
 

 
On Sale
$3.89

BIC Duo Ballpoint Highlighter Combo Pen instantly changes from a ballpoint pen to a highlighter with a twist of the pens barrel. Black ink and Yellow highlighter. Highlighter is refillable.  

 
Mark it Permanent Marker Fine Point, Black
 

 
On Sale
$7.09

Permanent on most hard-to-mark surfaces such as glass, metal, photos, foils, coated paper and most plastics. Long-lasting, durable permanent marker with Ultra comfy rubber grip for comfort and control. Fade-resistant vivid ink. Acid free ink.  

 
Mark it Permanent Marker Fine Point, Assorted
 

 
On Sale
$7.69

Permanent on most hard-to-mark surfaces such as glass, metal, photos, foils, coated paper and most plastics. Long-lasting, durable permanent marker with Ultra comfy rubber grip for comfort and control. Fade-resistant vivid ink. Acid free ink. 12-color set includes Fandango Pink, Playful Purple, Deep Sea Blue, Blue Skies Blue, Hot Aqua, Forest Green, Key Lime, Yellow Blaze, Sunset Orange, Rambunctious Red and Tuxedo Black.  

 
White Out Correction Tape, 10 Pack
 

 
On Sale
$20.19

10 Pack Wite-Out Correction Tape is fast, clean and easy to use. Single line corrects mistakes instantly with no drying time. Covers photocopies, faxes, ink, permanent marker and more. Translucent body provides visible tape supply.  

MORE
SAVINGS!!!

REMEMBER! This Sale ends
Soon.  So, ORDER NOW

If
you have trouble viewing this email, 
click here to view it at our website. 

Business-Supply offers free shipping on most orders over $50. Free
Shipping applies to 48 contiguous United States only, and covers
dock-to-door delivery only. Additional charges apply for inside
delivery of oversize items such as furniture. 
Click here or call for details.

Not responsible for errors in typography or photography. 

To contact us, please send a message to 
pvosgpr@Business-Supply.com or call 800-676-0180. 

 Business-Supply
has the strongest 
privacy policy possible, but if you would like to be removed
from our email subscription list, please reply to this e-mail with
UNSUBSCRIBE in the subject line or 
click here and hit send.",0,CEAS-08,seven-phishing-email,en,f506709e2585483874c952d7c6d7d40a7bf17cb28d4ac35589b64f6b1c532037,0.7493138449854514,1,True,0.9995443020706917,1,0.2502304570852403,False,0.7493138449854514,0.2493138449854514,false_positive_v2
email-0039409,"Subject: Beverly Wants You To Check Out This Pepsi Street Motion Sweeps

Enter the Pepsi ""Maxed Out Mazda RX-8"" Sweeps
 
Hey Valdo,
 
I just entered this awesome new sweeps from Pepsi Street Motion. They're giving away a full-blown custom Mazda RX8 tricked out by Vivid Racing. It's one of the wildest imports I've ever seen.
 
You should enter too. And if you win, you owe me. Big. Let me take the whip around the block once or twice and we'll call it even.
 
Click below to enter.
http://www.pepsistreetmotion.com/_CT/A.1000.4252.1458.238245509146

This email message was forwarded to you from the servers at www.pepsistreetmotion.com on behalf of and at the request of the 
sender while participating in the ""Email-A-Friend"" section of the Pepsi Street Motion web site. Any information collected 
by Pepsi-Cola Company in connection with the forwarding of this email was for a one-time use and was not retained by Pepsi-Cola 
Company. Pepsi-Cola Company does not participate in unsolicited email.",0,TREC-06,seven-phishing-email,en,51b8927c5d5214ad9f766231902851425bac85341506f3d55205b49391cb399d,0.7486909011965938,1,True,0.9988730154932289,1,0.25018211429663517,False,0.7486909011965938,0.24869090119659376,false_positive_v2
email-0033159,"Subject: You received a PassionUp Greeting Page!

Click here for a FREE GIFT! To: Ms.Dana at Dana.Davis@enron.com From: Khalid Naziruddin at hotboynaz@yahoo.com You were sent a PassionUp greeting Page from Khalid Naziruddin Click here to view your greeting page Note: If you cannot click the link above, cut-and-paste the following link into your browser location bar: http://www.passionup.com/fun/fun390.htm Shed those extra pounds and look great for the holidays! FREE FAT BURNER for weight loss. http://www.passionup.com/freediet.htm See our newest and best greeting cards at: http://www.passionup.com/funnews.htm PassionUp.com--the home of fun pages, animated greeting cards, fill-in-the-blank love letters, and love poems. This email came from computer: 204.66.36.8",0,TREC-05,seven-phishing-email,en,7bda7cf26ed4d9e2576c4ba5ca7ce4bd03bed84353c9e2182b0008a519c12eb6,0.7450397171111295,1,True,0.9966646477400308,1,0.25162493062890134,False,0.7450397171111295,0.24503971711112948,false_positive_v2
email-0067132,"Subject: PayPal Email Confirmation

You're almost done signing up for PayPal!

To confirm that this is your email address, just 
click on the following link and enter your password:

https://www.paypal.com/ece/cn=01525832479385196897&em=Kwatson%40the-spires.com

If your email program has problems with hypertext links, 
you may also confirm your email address by logging into
your PayPal account. Click on the link to ""Confirm your email 
address"" and then enter the following confirmation number:

0152-5832-4793-8519-6897

If you need help, please contact customer service at:

https://www.paypal.com/ewf/f=act_email

Thanks for using PayPal!

Please do not reply to this e-mail. Mail sent to this address 
cannot be answered. For assistance, login to your PayPal 
account and choose the ""Help"" link in the footer of any page.
----------------------------------------------------------------
 PROTECT YOUR PASSWORD

 NEVER give your password to anyone. If anyone asks 
 you for your password, please follow the Security 
 Tips instructions on the PayPal.com website.
----------------------------------------------------------------",0,TREC-05,seven-phishing-email,en,212646a0f362fa6d98e408229944d1bd09d37d7e19864bfec60096d55299012d,0.7450193245428093,1,True,0.992414611390223,1,0.24739528684741374,False,0.7450193245428093,0.24501932454280928,false_positive_v2
email-0005092,"Subject: valentines day help

red - neck valentine ' s love poem
collards is green
my dog ' s name is blue
and i ' m so lucky
to have a sweet thang like you .
yore hair is like cornsilk
a - flapping in the breeze
softer than old blue ' s
and without all them fleas .
you move like the bass ,
which excite me in may .
you ain ' t got no scales
but i luv you anyway .
yo ' re as satisfy ' n as okry
jist a - fry ' n in the pan .
yo ' re as fragrant as "" snuff ""
right out of the can .
you have som ' a yore teeth ,
for which i am proud ;
i hold my head high
when we ' re in a crowd .
on special occasions ,
when you shave under yore arms ,
well , i ' m in hawg heaven ,
and awed by yore charms .
still them fellers at work ,
they all want to know ,
what i did to deserve
such a purdy , young doe .
like a good roll of duct tape
yo ' re there fer yore man ,
to patch up life ' s troubles
and fix what you can .
yo ' re as cute as a junebug
a - buzzin ' overhead .
you ain ' t mean like those far ants
i found in my bed .
cut from the best cloth
like a plaid flannel shirt ,
you spark up my life
more than a fresh load of dirt .
when you hold me real tight
like a padded gunrack ,
my life is complete ;
ain ' t nuttin ' i lack .
yore complexion , it ' s perfection ,
like the best vinyl sidin ' .
despite all the years ,
yore age , it keeps hidin ' .
me ' n ' you ' s we go together
just like a moon pie
with a rc cold drank ,
yep , we go together
like a skunk goes with stank .
some men , they buy chocolate
for valentine ' s day ;
they git it at wal - mart ,
it ' s romantic that way .
some men git roses
on that special day
from the cooler at kroger .
"" that ' s impressive , "" i say .
some men buy fine diamonds
from a flea market booth .
"" diamonds are forever , ""
they explain , suave and couth .
but for this man , honey ,
these won ' t do .
cause yo ' re too special ,
you sweet thang you .
i got you a gift ,
without taste nor odor ,
more useful than diamonds . . .
it ' s a new trollin ' motor ! !
l shore due luv you darling ,
aint love grand ! ! ! ! . . . . .
bubba",0,Enron,seven-phishing-email,en,b656797550ec8e6e275cd214dfd281cc3400855ed2c6045b46e6374c7e935200,0.7309395193947469,1,True,0.9954505129879564,1,0.2645109935932095,False,0.7309395193947469,0.23093951939474688,false_positive_v2
email-0073019,"Subject: reply

Yes, I received your note. I will call you as soon as I get the opportunity.",0,TREC-05,seven-phishing-email,en,7b1dbf1f8b9706fb5300ebbf9f5e19b0944767bd452c0f96556f914d90128655,0.7415105024266033,1,True,0.9532056141077899,1,0.2116951116811866,False,0.7415105024266033,0.24151050242660332,false_positive_v2
email-0094307,"Subject: My Mileage Plus December - Your account balance, bonus offers and more

You have received My Mileage Plus in the HTML format. If you cannot read it, please visit www.my.mileageplus.com and log in using your Mileage Plus(R) number. Then click on the Preferences tab and change your e-mail preferences to ""Text."" Welcome! Mr. Platter, great news for the holidays! We've extended our systemwide double- miles offer. And check out our vacation deals, including a warm Hawaiian getaway. December Mini summary Updated Status YTD Premier Miles YTD Premier Segments Current Balance 12/05/01 General 0 0 4,170 Full mileage summary United bonus mile offers Denver bonus: 14 cities, up to 1,500 miles Chicago bonus: 1,000 miles to 14 cities Tampa-48 states: Earn up to 3,000 miles Offer extended: Double miles worldwide Mileage Plus partner offers Nextel: Up to 25,000 bonus miles MSN: Up to 12,500 bonus miles FTD.COM: Earn 10 miles per dollar Neiman Marcus: Turn points into miles Radisson: Up to 10,000 bonus miles Quick links to Special deals Don't miss our ""Back to Business"" fares and other Special deals at united.com . In addition, earn 1,000 bonus miles for every United roundtrip you purchase at our web site. Toolbox Getting started with My Mileage Plus Switch your e-mail to text or HTML Tell a friend about My Mileage Plus New! My Itineraries at united.com Access all of your United itineraries online, no matter where you book them. Details Waikiki from $694 United Vacations presents five nights in a Hawaiian wonderland, bonus miles included! Details Ski Colorado Ski more, pay less with complete travel packages from United Vacations. Details The Mileage Plus VISA card Get one mile per dollar, 5,000 bonus miles and more! Details Mileage Plus Dining At your service with an improved web site and a spectacular Million Mile Giveaway. Details New York, Vegas, Orlando Three great cities, three great deals from United Vacations. Details Privacy | Subscribe/Unsubscribe � 2001 United Air Lines, Inc. Star Alliance",0,TREC-05,seven-phishing-email,en,7aa6483afe86a315ffd4f655d9a24a031b6e9e9b6d1a17803f609d9893fc6fa1,0.7327429486564033,1,True,0.9699573294660805,1,0.23721438080967716,False,0.7327429486564033,0.23274294865640333,false_positive_v2
email-0151173,"Subject: Chart a New Course with the Credit Union

Chart a New Course: Discover StarTrust Checking.

Make a change in the right direction this summer with a StarTrust Federal Credit Union Checking Account. We'll help you consolidate and minimize the time you spend managing your financial business, so you can enjoy cruising through life.

Free Checking
No minimum balance requirements
No monthly service charge
No minimum check writing
First box of checks free

Dividend-Bearing Checking
Same features as Free Checking, plus
Earn attractive monthly dividends when you maintain a $500 daily balance

Other Related Checking Services
Free Visa Check Card
Free e-Statements
Free QuickLink Internet Account Access & Online Check Viewing
Bill Pay
Direct Deposit

Open your StarTrust Checking Account
either in person or on www.startrustfcu.com,
and receive a StarTrust t-shirt!",0,TREC-05,seven-phishing-email,en,0e6c504c8acc07a0575320dad3673422afe288ab0545d76601518be011ff312d,0.712196187056763,1,True,0.9991368080556094,1,0.28694062099884643,False,0.712196187056763,0.21219618705676302,false_positive_v2
email-0149653,"Subject: important video announcement

i have a very important video announcement about the future of our company . please go to to access the video . thank you .",0,Enron,seven-phishing-email,en,862166acdd254fcaa173379fd3cb17b9bbeea33f38cd485b04d4da8ee8d70ff7,0.714710235867305,1,True,0.9856570801819412,1,0.2709468443146362,False,0.714710235867305,0.21471023586730498,false_positive_v2
email-0092782,"Subject: my2way

sup hook

J A S d 1",0,TREC-05,seven-phishing-email,en,65c53e7b815970a31c601094d9512d4b78a9ed8e9379137eceaa648b4f502fb0,0.7416196640704995,1,True,0.6078668527043539,1,0.13375281136614559,False,0.7416196640704995,0.2416196640704995,false_positive_v2
email-0018152,"Subject: [Reform] Investition

Britain would have to devalue the pound, that made George Soros
and George liked that. He enjoyed the chance to talk with his father
And he came to a fateful conclusion. He wanted something more
from life than success in the investment world. Since he was no hedonist,
far more satisfaction than accumulating all that money. It also gave
extreme self-confidence. He slept well that night.
adult, a successful financier, and a philanthropist somehow approximated

places, wishes he could be an air force pilot, or an astronaut. A psychiatrist,
to let the world in on all of his philanthropic activities. He continued to
He was calm, even-tempered; rarely did he laugh hysterically
If others held Tivadar in disrepute, George seemed more sympathetic
people believe.
excessive and I kept them hidden as a guilty secret. This was a source",0,TREC-07,seven-phishing-email,en,91c1c0da87b1d98091c0fbd3bdfa6e001ef76717d2194f79edc4506974a0714a,0.7025791530260969,1,True,0.9910554108701269,1,0.2884762578440301,False,0.7025791530260969,0.20257915302609686,false_positive_v2
email-0080616,"Subject: Your Valpak.com ""Print Later"" link

Below is the link to the print-ready Valpak.com savings page you requested. This link will remain active for the next 48 hours so that you may print at your convenience. Click Here to print your saved coupons Share your good savings sense. Forward this link to a friend so they can print and save too.",0,TREC-05,seven-phishing-email,en,e9892916eac7a9b78ac3862048b6edc75d104610218998f6e6124e4df2d818cb,0.7050764248802354,1,True,0.9808426870387666,1,0.2757662621585313,False,0.7050764248802354,0.20507642488023536,false_positive_v2
email-0077147,"Subject: Re: Schwab Mailings

Susan, 
I DID NOT REQUEST ANY INFO. ON ELECTRONIC FUNDS.
WHEN I DEPOSITED THE FOUR STAR MONEY I ASKED THEM TO SEND YOU FOURSTAR 
DEPOSIT SLIPS.
LEONARD",0,TREC-05,seven-phishing-email,en,04880de6893c74201d4834f6476a6b627f74091e52ce83dd7cab2b468c80a64e,0.6946148916490213,1,True,0.9964027840016924,1,0.301787892352671,False,0.6946148916490213,0.19461489164902135,false_positive_v2
email-0124721,"Subject: What do you want your website to do? Ektron CMS400.NET

What do you want your website to do?

Ektron CMS400.NET lets you do everything you need to do on the Web and everything you want to do...all with just one application.

-----------------------------------------------------------------
INSTANT DEMO: http://ema10.net/r/?ZXU=553054&ZXD=31846723
-----------------------------------------------------------------

What if you could... 

- Streamline content and document management, collaboration and distribution all from one centralized location 
- Make your website the place for people to meet with the new Social Networking Platform 
- Interact with features like tagging, flagging and ratings found in the Web 2.0 Toolbox
- Find what you are looking for quickly and accurately with enterprise-level searching and suggested and synonym search
- Harness the power of your own online community with easy to deploy and use Wiki authoring, blogs, and forums
- Increase customer loyalty and keep them coming back to your site with subscriptions, web alerts and RSS feeds

-----------------------------------------------------------------
DOWNLOAD: http://ema10.net/r/?ZXU=553055&ZXD=31846723
-----------------------------------------------------------------

Do more on the Web... 

- Put the web authoring in the hands of your subject matter experts 
- Update navigation with a click of the mouse
- Provide suggested results when visitors search your site 
- Keep visitors coming back to your site with subscriptions, web alerts and RSS feeds 
- Optimize your site and climb the rankings 

-----------------------------------------------------------------
INSTANT DEMO: http://ema10.net/r/?ZXU=553056&ZXD=31846723
-----------------------------------------------------------------

What do you want your website to do? Do it with Ektron CMS400.NET!

Ektron, Inc . 542 Amherst Street . Nashua, NH 03062 . +1 (866) 4-EKTRON

To no longer receive emails from Ektron, sent an email to zuiiry@ektron.com with remove as the subject line. 
 

_______________________________________________________________________________
You are on the Java-BuyersGuide.COM Email List.
To take your email address off of this list for future messages from third party advertisers,
please follow this link: http://ema10.net/o/?ZXD=70.687871811.31846723
Java-BuyersGuide.COM is not responsible for the products or services presented in this message.",0,CEAS-08,seven-phishing-email,en,4105dbdf9551ab838c03aa3793014752b7c3f0e2f32ef117569ab901def32aa7,0.6933964805713969,1,True,0.9997503873574857,1,0.30635390678608876,False,0.6933964805713969,0.1933964805713969,false_positive_v2
email-0000710,"Subject: What do you want your website to do? Ektron CMS400.NET

What do you want your website to do?

Ektron CMS400.NET lets you do everything you need to do on the Web and everything you want to do...all with just one application.

-----------------------------------------------------------------
INSTANT DEMO: http://ema10.net/r/?ZXU=553054&ZXD=26582388
-----------------------------------------------------------------

What if you could... 

- Streamline content and document management, collaboration and distribution all from one centralized location 
- Make your website the place for people to meet with the new Social Networking Platform 
- Interact with features like tagging, flagging and ratings found in the Web 2.0 Toolbox
- Find what you are looking for quickly and accurately with enterprise-level searching and suggested and synonym search
- Harness the power of your own online community with easy to deploy and use Wiki authoring, blogs, and forums
- Increase customer loyalty and keep them coming back to your site with subscriptions, web alerts and RSS feeds

-----------------------------------------------------------------
DOWNLOAD: http://ema10.net/r/?ZXU=553055&ZXD=26582388
-----------------------------------------------------------------

Do more on the Web... 

- Put the web authoring in the hands of your subject matter experts 
- Update navigation with a click of the mouse
- Provide suggested results when visitors search your site 
- Keep visitors coming back to your site with subscriptions, web alerts and RSS feeds 
- Optimize your site and climb the rankings 

-----------------------------------------------------------------
INSTANT DEMO: http://ema10.net/r/?ZXU=553056&ZXD=26582388
-----------------------------------------------------------------

What do you want your website to do? Do it with Ektron CMS400.NET!

Ektron, Inc . 542 Amherst Street . Nashua, NH 03062 . +1 (866) 4-EKTRON

To no longer receive emails from Ektron, sent an email to zuiiry@ektron.com with remove as the subject line. 
 

_______________________________________________________________________________
You are on the Java-BuyersGuide.COM Email List.
To take your email address off of this list for future messages from third party advertisers,
please follow this link: http://ema10.net/o/?ZXD=70.687230524.26582388
Java-BuyersGuide.COM is not responsible for the products or services presented in this message.",0,CEAS-08,seven-phishing-email,en,94aeedb69a2210df1cac5813fd742b58167be3cff5fcf1a27c8669e592b6856d,0.6933964805713969,1,True,0.9997503873574857,1,0.30635390678608876,False,0.6933964805713969,0.1933964805713969,false_positive_v2
email-0153039,"Subject: My Son, if I Could Have One Wish in All the World - from Mom

Hello! Mom has just sent you a greeting card from Bluemountain.com.

You can pick up your personal message here:

http://www2.bluemountain.com/cards/boxb227226r4/a5acp7yxx5su87.html

Your card will be available for the next 90 days.

This service is 100% FREE! :) Have a good day and have fun!

________________________________________________________________________
Accessing your card indicates agreement with Blue Mountain's Website Rules:
http://www.bluemountain.com/home/WebsiteRules.html

Send FREE Blue Mountain cards to friends and family (and attach gifts too!)
http://www.bluemountain.com",0,TREC-05,seven-phishing-email,en,076e0cf4b405cf272a7da259ceae4a30a149b34843905788ca6525367312f623,0.6921873281626217,1,True,0.9988784583218396,1,0.3066911301592179,False,0.6921873281626217,0.19218732816262174,false_positive_v2
email-0153203,"Subject: Personalize your Palm OS device

--1166300.1032541006905.JavaMail.Administrator.web5 Content-Type: text/html Content-Transfer-Encoding: 7bit If you can't read this email, please go to: http://www.handango.com/palmnewsletter Palm OS® Edition    Issue #33, September 2002      Personalize your Palm OS device! This issue features apps that are as unique as you are. Customize your launch screen, plan a trip, design a special menu, protect your extra-special information and choose your game: puzzles or tennis. It's all here in September's Handango Champion newsletter! Featured Software What's New Tips Of The Trade Champion's Choice     InfoSafe Plus: Carry important personal info with you securely and always have quick access to it. $16.99 Read More Buy Now     Pocket Cook Deluxe: A full-featured recipe app with a menu planner, shopping list and 4,000 supplied recipes. $19.95 Read More Buy Now     Launcher PLUS!: Customize your Palm with this cool application launcher and use fun themes, colors and graphics. $18.00 Read More Buy Now     FlipDis: A fruit-flipping festival of fun comes to the screen of your Palm handheld! Price reduced! $4.99 Read More Buy Now     Hexacto's Tennis Addict: Inspired by the U.S. Open? Purchase this game before Sept. 30 and get a special offer! $19.95 Read More Buy Now Psst... Handango offers all types of PDA users all types of useful software... Pass it on! Tell a friend (or 10) about Handango and earn a discount on your next software purchase. Click here to find out how!             CutePack Travel London Tube Guide Conversions Pro Phrasebooks More in Travel... Productivity CutePack 1 Button Launcher Pro QuickWrite Professional More in Productivity... Synchronization & Installation Installigent OneMail More in Synchronization... ""Keep Your Taps on Target"" If your PDA screen taps sometimes don't seem to register correctly, use the built-in digitizer to easily re-adjust the settings. Go to the main Applications screen and tap on Preferences. Choose 'Digitizer' from the upper-right pull-down menu. Follow the simple on-screen instructions to realign your stylus with the screen.   Rand McNally Mileage Calculator Next time you hit the road, know exactly how far you need to go. Together, your Palm Powered PDA and the Rand McNally Mileage Calculator can deliver half a million mileages between cities and attractions. Select two points and get mileages with no waiting! Includes more than 800 cities, including major cities in Mexico and Canada, plus more than 200 cool things to see. Only $9.99! Click here to purchase or download a free trial. Quick links:    Palm OS Best Sellers       Handango's Palm OS Picks       Palm OS Essentials     To unsubscribe or modify your subscription, click here. For advertising opportunities, email champion@handango.com. --1166300.1032541006905.JavaMail.Administrator.web5--",0,Assassin,seven-phishing-email,en,f9cea4c5692a639bb241648e8b530d0db18adf8b7ce8c8b63b6f726b70510a7e,0.7024625499300079,1,True,0.9679000444988054,1,0.2654374945687975,False,0.7024625499300079,0.2024625499300079,false_positive_v2
email-0050112,"Subject: check this out

See the last paragraph - Martini is selling some wines at unbelievable prices - you ought to stop there as soon as you can and check it out! <>",0,TREC-05,seven-phishing-email,en,5f841a7a8b95616d5fb0661cb8f1c7633dcde026407c1369ed686c7b55a63323,0.6929824842155373,1,True,0.992642601433117,1,0.2996601172175797,False,0.6929824842155373,0.19298248421553732,false_positive_v2
email-0149617,"Subject: gift web site

http : / / www . barrington - ltd . com /",0,Enron,seven-phishing-email,en,e330fa9ce5984ac992f3c979b7dc4d4145ba83611777e959aa7a291f055764c9,0.6913590175412033,1,True,0.9952007113906952,1,0.3038416938494919,False,0.6913590175412033,0.19135901754120332,false_positive_v2
email-0047532,"Subject: Epson's claims of cheaper ink are empty [Newsletter Comp Version]

A new issue of the Windows Secrets Newsletter is now 
available. Please visit:

http://WindowsSecrets.com/comp/070705

If you're having any problems with your subscription, please
let me know using the contact page shown below.

Thanks,

Brian Livingston
Editorial Director, Windows Secrets Newsletter
http://WindowsSecrets.com/contact

____________________________________________________________

You subscribed using the address langa3@speedy.uwaterloo.ca
Your reader number is 83107-13329

To change your delivery address, switch to the complete 
(HTML) version of the newsletter, or change other settings, 
visit your preferences page:

http://WindowsSecrets.com/prefs/?u=p3472n61w1ax&r=83107-13329

To unsubscribe langa3@speedy.uwaterloo.ca
from the Windows Secrets Newsletter:

 Visit http://WindowsSecrets.com/unsubscribe OR

 Send a blank e-mail to unsub@WindowsSecrets.net with
 ""leave langa3@speedy.uwaterloo.ca"" as the subject line.

The Windows Secrets Newsletter is published weekly on the 1st 
through 4th Thursdays of each month, plus occasional news 
updates. We skip an issue on any 5th Thursday that occurs, 
plus Thanksgiving Week and the last two weeks of August and 
December.

Publisher:

WindowsSecrets.com 
Attn: #120 Editor
1700 7th Ave., Suite 116
Seattle, WA 98101-1323 USA",0,TREC-07,seven-phishing-email,en,ec8d3d9b9af08a497b97b5ec37962ed5f9c700d8aea76b126c29625778e50b47,0.69972299530024,1,True,0.9435498261114725,1,0.24382683081123258,False,0.69972299530024,0.19972299530023996,false_positive_v2
email-0025174,"Subject: Computer Tips From A Computer Guy

Online Tech Tips

///////////////////////////////////////////
Automatically log into Windows XP
 
Posted: 06 Aug 2008 05:29 AM CDT
http://feeds.feedburner.com/~r/ComputerTipsFromAComputerGuy/~3/357287290/

Logging into Windows every time you restart your PC can be quite annoying.  This is especially true if several restarts are required when installing updates or new software applications.  One way to achieve this is to use the Windows Power Toy Tweak UI as explained in one of my previous posts.  The same can also be setup directly in Windows.

**Keep in mind that this tip will allow anyone to startup your PC and login  You definitely want to take into account your situation and security.  If you are in the workplace or in an environment where curious eyes are a concern you probably do not want to set this up.  Use your best judgement! **

First click on Start and go to Run then type in “control userpasswords2” (without the quotes) then click OK.

The User Accounts dialog window will come up.  Uncheck the box next to “Users must enter a user name …” then click OK.

Right away the Automatically Log On dialog box will pop up.  Here you will want to enter in your username and password twice and click OK.  Now, when you restart the username and password screen will be bypassed and will boot directly to your desktop.

Again, as a reminder to take your security situation into account.  You could enable this while your doing upgrades to your computer that require several restarts and then set the password protection back by going into User Accounts and rechecking the box.

Written by Mysticgeek who is also a contributing author at How-To Geek.
Related postsHow Windows Vista Works - Windows Vista Cool New Features & APIs - Part I - Restart Manager APIAutomatically log into Windows XPMore keyboard shortcuts - Windows Logo key shortcutsDisable restart now message after Windows automatic update messageHow to restart Windows in Safe ModeWindows Live Writer Beta 3 released with many new featuresTweak Windows XP settings with TweakUICopyright (c) 2007
Online Tech Tips.
Aseem Kishore (digitalfingerprint: a59a56dce36427d83e23b501579944fcakmk1980 (66.150.96.121) )
a

Automatically log into Windows XP

 

///////////////////////////////////////////
Use Mozilla Firefox 3 for safer and faster browsing
 
Posted: 06 Aug 2008 05:18 AM CDT
http://feeds.feedburner.com/~r/ComputerTipsFromAComputerGuy/~3/357280842/

People are very dependent on the Internet nowadays; we can enjoy chatting, paying bills online and shopping right at the comfort of our own homes. Also we save a lot of personal information and a file in our computers so what we need to do is to have it fully protected from possible danger. There are times when we download something unknowing that it could mess up our machine.

There are a lot of browsers we can choose from but only a few are really proven to be safe and fast. Now there is a browser which is more secured and gives you ultimate protection. Mozilla Firefox 3 is now more protected, safer and faster.

Have your computer get protected from virus, spywares, worms and any other forms of malicious and destructive programs for FREE. Yes you read it right, for FREE. Here’s how to download Mozilla Firefox: first go to mozilla.com and just follow the prompt.

Click on the green button that says Download Firefox-Free and wait until the download box pops up.

Click on the Run button and wait until the download is completed.

The setup wizard window will then appear, click on Next complete the setup, accept the agreement, click on Next button and choose Standard. Click Install and finally click on Finish.

If it asks you if you want it as your default browser, you may or may not choose it. Now you can enjoy surfing the net without any worries of catching destructive programs. Just look for the Firefox icon on your desktop click on it and your ready. Some of the new features of this browser are: parental control, customized security settings, password manager, anti-phishing, automated update, one-click book marking, instant website ID and a lot more",0,CEAS-08,seven-phishing-email,en,a68ad59e75cddd0f771d66b47a893b57ae9628f6a261d37be5888ed62c629af8,0.6817215388710288,1,True,0.9956953032887642,1,0.3139737644177354,False,0.6817215388710288,0.18172153887102882,false_positive_v2
email-0102484,"Subject: The Around Town Mall !

> Draw more people to your website! 
> 
> http://www.aroundtown.com
> 
> The Internet has become one of the most popular mediums for businesses
> to advertise their products and/or services. Companies can reach
> customers both locally and worldwide. But with thousands of businesses
> jumping on the Internet each month, it is difficult for potential local
> customers to find your business without weeding through dozens of
> national websites. That ís where the AROUNDTOWN MALL can help. The
> mall covers the Greater Bay Area, from Napa to Monterey. You can
> advertise your business on the Around Town Mall and gain Internet
> exposure, and draw more people to your website.
> 
> An AROUNDTOWN advertising space will cost your company just $50.00 per
> quarter (three months) or $150 per year with a one time set-up fee of
> $39.
> 
> Call me, Don Pierce at 408 735-1698 or email me at piercent@d2m.com and
> I will arrange to come out and discuss the AROUNDTOWN MALL.
> 
> To set up your mall advertisement, all we need is:
> 
> Your logo, picture, camera ready art or digital image or business card
> for our graphic artist.
> 
> Up to a 200 word description of your business, it's products and/or
> services. We advertise and market your website advertisement and the
> mall monthly to maximize visitors to your ad.
> 
> Since you already have a website, all people would have to do is click
> on your logo and be linked directly to your website.
> 
> To find out more about AROUNDTOWN or arrange a meeting call Don Pierce
> at 408 735-1698 or email me at piercent@d2m.com.
> 
> Thank You,
> 
> Donald E. Pierce
> AROUNDTOWN
> New Accounts Manager
>",0,TREC-06,seven-phishing-email,en,123bac6ab906879b4eeff126d967c963b99a869db6596250e3bd8e2271436e16,0.6756050830122442,1,True,0.9995823679131447,1,0.3239772849009005,False,0.6756050830122442,0.1756050830122442,false_positive_v2
email-0134569,"Subject: so . . . you were looking for a one night stand afterall . . . ? ?

dc",0,Enron,seven-phishing-email,en,c4c6723bd359ad6792d967504e81c53d8a7ad4a6f1a0e73f2be22be5df49d0df,0.7176554488297858,1,True,0.8719056594114152,1,0.15425021058162935,False,0.7176554488297858,0.21765544882978582,false_positive_v2
email-0128120,"Subject: Fwd: My Girl Looves the New Me

>Return-Path: >Received: from jmzvertigo.com ([200.252.248.124]) > by feta.cc.columbia.edu (8.13.0/8.13.0) with SMTP id j5EHWv7b024575 > for ; Tue, 14 Jun 2005 13:33:02 -0400 (EDT) >Message-Id: <200506141733.j5EHWv7b024575@feta.cc.columbia.edu> >From: ""Merla Storey"" >To: ""Bilge Mcghee"" >Subject: My Girl Looves the New Me >Date: Tue, 14 Jun 2005 12:32:53 -0500 >MIME-Version: 1.0 >Content-Type: multipart/alternative; > boundary=""----=_NextPart_000_0033_01C57107.17EC5080"" >X-Priority: 3 >X-MSMail-Priority: Normal >X-Unsent: 1 >X-MimeOLE: Produced By Microsoft MimeOLE V6.00.2800.1106 >X-Spam-Score: 4.937 (****) HTML_80_90 HTML_MESSAGE HTML_TAG_EXIST_TBODY >MSGID_FROM_MTA_ID PRIORITY_NO_NAME CU_HELO_DNSMISMATCH >X-Scanned-By: MIMEDefang 2.48 on 128.59.28.164 >Status: > >Good day, > >We are pleased to introduce ourselves as one of the leading onl shooting >ine pharmaceuticaI s outspeak hops. > >Save ove tattoo r 70 Percent On your Meds >with MedzByMai ghetto l Shop > >V propagation l sewage A l diplomatize A L foreshorten l >AG wieldly R provenience C LI overstatement S V diagnose A sarcenet >UM and many other. > >With each statical purchase you get: > >Top qu onehorse aIity Best Pr papyraceous ices Total confidentiaIit >tradespeople y Home de magnifier Iivery > >Have a nice day.",0,TREC-06,seven-phishing-email,en,73d4a58b65be4662fece87dbc4c8cabf95dee4f8fb8e66531a6292f5e5e516cf,0.6884118993819582,1,True,0.9594551934280379,1,0.27104329404607963,False,0.6884118993819582,0.18841189938195824,false_positive_v2
email-0004421,"Subject: BMW Owners' Rewards

Dear ERIC, As a valued member of the BMW family, BMW of North America, LLC is pleased to introduce the BMW Owners' Rewards program, exclusively for BMW Owners' Circle members. Owners' Rewards - brought to you by BMW, American Skiing Company and Vail Resorts, provides unique gifts and exclusive offers to help you enjoy the winter. Owners' Circle members can choose from options like: dining at a resort area restaurant or improving your downhill skills with a refresher course, compliments of BMW. To take advantage of your Owners' Rewards, and to find out more, log onto Owners' Circle and choose from various resorts and offers. Whether you have scheduled your winter vacation already or take a last-minute excursion to the slopes, be sure to visit the Owners' Rewards section in Owners' Circle to select your complimentary gift or take advantage of an exclusive offer available only to BMW Owners' Circle members. BMW, American Skiing Company, and Vail Resorts wish you a fun, safe winter and hope that you join us on the slopes! We want your experience with the BMW website to be as smooth and reassuring as driving a BMW. Accordingly, we diligently safeguard your privacy. If you wish to review our Privacy Policy at any time, please click on the link below, or copy and paste it into your Web browser's location window. http://www.bmwusa.com/privacy As our guest at the BMW website, you may elect to receive or not receive e-mail from BMW. If you want to stop receiving e-mail from us, we will quietly shed a tear as we promptly comply with your wish. If that is your choice, please let us know by clicking on the link below. Unsubscribe",0,TREC-05,seven-phishing-email,en,59cc6dbab8643fcd2d673879bbf3c9ee839a11cdf2e24fd880617a4d0c400649,0.6710113741988145,1,True,0.9992252002849047,1,0.3282138260860902,False,0.6710113741988145,0.17101137419881451,false_positive_v2
email-0122976,"Subject: Re: Fwd: hellofriend

In message <3b.4d35cf5.264fb416@aol.com>, Meabadboy@aol.com writes: > > SPAM??? A sad attempt at a con job. They claim they want yo give you custody of $35M (of whoich you're supposed to keep 30%), and all you have to do is send them your bank account number. Somehow I rather doubt a legitimate offer of this sort (if this kind on international money laundering could be termed ""legitimate"") wouldn't be made via email. Especially not in full detail in the fiorst email to a stranger. I'd find it rather laughable, except that there are poeple out there who will get this and actually think it's for real, give the con-man their bank account info, and get cleaned out. Then again, anyone who would really believe this piece of garbage probably deserves to get cleaned out. Something about a fool and his money... Keith > From: chuks obi > To: ""'handyboard@media.mit.edu'"" > Subject: hellofriend > Date: Sat, 13 May 2000 07:03:47 +0300 > > Date:14th.may,2000 > > Dear sir, > it give us pleasure to request your indulgence in this extremely=2 > 0= > CONFIDENTIAl business proposition which we want you to handle for us IN YOUR= > PRIVETE CAPACITY. This total believe and reponse of trust in you, is in con= > sideration of your enviable track record in the business terrain. > > we are into consultancy and we represent the fiancial interest of one time N= > ational security Adviser to the military Head of state that died in power he= > re in Nigeria. The henchman that assumed leadership at the dead of the head=2 > 0= > of state, had our client kept under house-arrest till he himself handed over= > power to a dully elected civilan goverment. with the emergence of quarters=2 > 0= > for the seizure and confiscation of our client's know private business empir= > e and huge financial both and abroad. > > it was with the above fears that our firm was contracted to seek for ways an= > d proper means securing as much as we can manage of our clients monies out o= > f Nigeria, should in case the unexpected happened as (our client) is not too= > sure of the goverment's next line of action against him. Meanwhile, our cli= > ent had before now made to be carried out of this country , physical cash of= > about US$60 MILLION through various disguised means in diplomatic courier b= > ags into Europe, but that means is now block, with the advent of this presen= > t civilian dispensation hence our firm was hired to seek a foreign associate= > d/partner who will act as a registered International contractor to receive i= > n TRUST US$35.5MILLION now in queue for payment at the Apex Bank of Nigeria. > > you need not to entertain any fear whatsoever, pertaining to the receipt of=2 > 0= > the funds. Reason being that concrete measures are already in place to prote= > ct your right as a bonafide beneficiary to US35.5MILLION vide a category ""A""= > contractual debt owed you through our client's former office at the preside= > ntial palace for the satisfactory supply of medical products and Health rela= > ted materials in all the Nigeria Hospitals and health centres on behaif of t= > he Federal Goverment of Nigeria. The modalities in place are concrete and RI= > SK-FREE, because it enjoys the full backing of top ranking officers here in=2 > 0= > the Apex Bank. > > Meanwhile, let me explain candidly the source of this money to you. it is no= > t ILL-GOTTEN, but that while our client received as security vote from presi= > dency during his tenure and capacity as National security Adviser to the Pre= > sident at the time. > > However if you will oblige us once more, we arrange that you also receive an= > d keep in custody some of the funds already outside this country (Nigeria) o= > n behalf of our client. As our client have indicated to us that he would be=2 > 0= > more at ease with himself, if the funds are not scattered about, but kept by= > a single custodian to make room for proper accountability. while you woul= > d apart from keeping the funds in custody, be required to revolve the money=2 > 0= > in positive and viable blue chips investments on behalf of our client. for y= > our kind assistance and support in receiving this funds, you shall be entitl= > ed to 30% of the total sum, 10% of the said amount would be used to offset a= > ll local and international expenses that might be incurred in the process of= > remitting this funds to your nominated bank account and the balance of 60%=2 > 0= > would be left in trust with you for our client, while you shall agree to giv= > e our firm 5% of your entitlement as consultation fees only payable immediat= > ely after the funds are confirmed in you nominated account. > > your urgent response throught our E-mail addresses as follows, johnsonodiye@= > excite.com and phone/fax number as 234-1-4700146 will be appreciated. or bet= > ter still, you could CALL TO SPEAK with me in person on the above issues and= > in replying, kindly let me have your Nominated bank account and details, yo= > ur private and confidential fax, Telephone or/E-mail address and Mobile phon= > e for easy and safe communication with you. TREAT AS EXTREMELY URGENT AND CO= > NFIDENTIAL. =20 > > > > johnson odiye =20 > >",0,TREC-06,seven-phishing-email,en,8d0e149b087e2fe342e1def2d7e2e11a73820fd5804234a2ceabef253a6be7a2,0.6692859407625574,1,True,0.9984358329851414,1,0.32914989222258395,False,0.6692859407625574,0.16928594076255743,false_positive_v2
email-0170903,"A groys gesheft zol er hobn mit shroyre vus er hot, zol men bay im nit
fregn, un vos men fregt zol er nisht hobn, and if that aint the truth
nutin is.",0,zefang-phishing-email,zefang-phishing-email,en,1678622b7ee29d7c600718c6993cc858a9209648444b0525275df227b44cdbef,0.6754192638008716,1,True,0.9779893046589153,1,0.30257004085804373,False,0.6754192638008716,0.17541926380087158,false_positive_v2
email-0032593,"Subject: New HD Image Collections Available

Five New HD Image Collections

Forward this to a friend
[http://oi.verticalresponse.com/f2af/v4/send_to_friend.html?ch=9da76b50af&lid=1406000320&ldh=06d972dddd]

[http://cts.vresp.com/c/?GalleryPlayer/9da76b50af/06d972dddd/1c9b286635/utm_source=gpinternal&utm_medium=email&utm_content=email-gp-home&utm_campaign=r14]

FIVE NEW COLLECTIONS OF HD IMAGERY!
In order to view and purchase any of the collections below, you must
have GalleryPlayer installed on your PC. Don't have GalleryPlayer? 
[http://cts.vresp.com/c/?GalleryPlayer/9da76b50af/06d972dddd/0111a1a0fb/utm_source=gpinternal&utm_medium=email&utm_content=download_client&utm_campaign=r14]
Download the FREE client today and access thousands of high definition
images for your HDTV.

You can find the collections below by opening the GalleryPlayer
software, click on the Store tab, then click on What's New.

Holiday in Yellowstone

Winter brings a quiet, almost ethereal beauty to this magnificent
park. Enjoy the peaceful and breath-taking splendor of the season
captured here with these images of Holiday in Yellowstone.

The Nature of Zen

Find solace and renewal in these peaceful images that only Mother 
Nature can provide. Breathe deep, relax, and find your inner Zen.

The Art of Henri Rousseau

There is a childlike quality that characterizes the art of Henri 
Rousseau, a quality which was initially misunderstood, but later 
admired. These fantastic paintings gathered here exemplify the 
incredible imagination and ingenuity of this famed artist.

Turkey

Join GalleryPlayer as we delve deep into this extraordinary country. 
Experience the sense of mystery that touches the landscape, rises from
old stones and surrounds the legendary Whirling Dervishes as they
dance.

Vertical Reality

>From the façade of a city building to the upper reaches of towering 
mountains, people are grabbing hold and pushing the limits. See them 
here as they strive toward spectacular heights.

______________________________________________________________________
If you no longer wish to receive these emails, please reply to this
message with ""Unsubscribe"" in the subject line or simply click on the
following link: 
http://cts.vresp.com/u?9da76b50af/06d972dddd/16d1187

______________________________________________________________________
This message was sent by GalleryPlayer using VerticalResponse

GalleryPlayer
411 1st Ave S 200N
Seattle, Washington 98104

Read the VerticalResponse marketing policy:
http://www.verticalresponse.com/content/pm_policy.html",0,CEAS-08,seven-phishing-email,en,00cb7ab39381dc8f4bc8232fa6e637c28e06f2b2c0f2b2e669bdfc61b9205601,0.6675301764575661,1,True,0.9999663753976066,1,0.3324361989400405,False,0.6675301764575661,0.16753017645756607,false_positive_v2
email-0140021,"Subject: Welcome to Webby People's Voice. Vote Now!

Your Chance to Vote for the Best of the Internet in 2008 including Websites, Advertising, Film/Video and Mobile.
Over 100 Categories including: NetArt, Retail, Comedy, Viral, Banners, Sports and more!
You are now registered to vote. Your account has been activated.
http://pv.webbyawards.com/

 One Voice, One Vote. Please only cast one ballot per category. All voting is tabulated to ensure fairness and accuracy and the entire People's Voice voting process is overseen by Pricewaterhouse Coopers. The Webby People's Voice Awards is presented by Nokia. Your username is below. 
 

Username:tonyandrewmeyer

If you forgot your password, click here to reset it.

A Word From Our Sponsor Nokia

 Check out Share on Ovi, a new free personal media sharing community from Nokia that makes it easy to upload, manage and share personal media through a mobile, desktop or other connected device. Share on Ovi offers a community where you can socialize, interact and collaborate and is designed for more than 100 different media types with unlimited storage and unlimited monthly uploads. Visit http://share.ovi.com.",0,CEAS-08,seven-phishing-email,en,bb52c7a506d7e60d612f6e662b4aa75708951fcda15bae05a9669452b6400ba0,0.6700793833356306,1,True,0.9903676363345425,1,0.32028825299891195,False,0.6700793833356306,0.17007938333563055,false_positive_v2
email-0092422,"Subject: tufco - prebid

hplr est . 65000
wb est . 40000",0,Enron,seven-phishing-email,en,d88dcde833c1b061b51353bb5682bf6a06d232f33d1690227a80a5417fd5dbeb,0.6877855842672053,1,True,0.9326386633001892,1,0.24485307903298392,False,0.6877855842672053,0.18778558426720526,false_positive_v2
email-0082473,"Check out this web site.

Window shopping in Paris
http://www.windowshoppinginparis.com/boutiques.html",0,TREC-05,seven-phishing-email,en,b28a3095e9f5ddb6ba73f45c49b92c912e68551fbc8ef6ddb3c947ce24065212,0.674629412438851,1,True,0.9716912165151662,1,0.2970618040763152,False,0.674629412438851,0.174629412438851,false_positive_v2
email-0081409,"Subject: Fw: words of wisdom

-----

>
>
> >
> >
> > >
> > >
> > >
> > > Subject: Words of wisdom
> > >
> > >
> > > If a Dog were the teacher you would learn stuff like.....
> > >
> > > When loved ones come home, always run to greet them.
> > >
> > > Never pass up the opportunity to go for a joyride.
> > >
> > > Allow the experience of fresh air and the wind in your face to be pure
> > >
> > > ecstasy.
> > >
> > > When it's in your best interest, practice obedience.
> > >
> > > Let others know when they've invaded your territory.
> > >
> > > Take naps. Stretch before rising.
> > >
> > > Run, romp, and play daily.
> > >
> > > Thrive on attention and let people touch you.
> > >
> > > Avoid biting when a simple growl will do.
> > >
> > > On warm days, stop to lie on your back on the grass.
> > >
> > > On hot days, drink lots of water and lie under a shady tree.
> > >
> > > When you're happy, dance around and wag your whole body.
> > >
> > > No matter how often you're scolded, don't buy into the guilt thing and
> > >
> > > pout....run right back and make friends.
> > >
> > > Delight in the simple joy of a long walk.
> > >
> > > Eat with gusto and enthusiasm. Stop when you have had enough.
> > >
> > > Be loyal.
> > >
> > > Never pretend to be something you're not.
> > >
> > > If what you want lies buried, dig until you find it.
> > >
> > > When someone is having a bad day, be silent, sit close by and nuzzle
> > > them
> > >
> > > gently.
> > >
> > > And finally, Never trust anyone until you sniff their butt.
> > >
> > >
> > >
> > >
> > >
> > >
> > >
> > >
> >
> >
>",0,TREC-05,seven-phishing-email,en,32484102281d123031d031b6f49a271c814f96f65313d9bf2047b8749f36aeda,0.6691654234205742,1,True,0.9745404519371275,1,0.3053750285165533,False,0.6691654234205742,0.16916542342057417,false_positive_v2
email-0169168,"Berkshire Eagle .articleBody {
 font-family:verdana, arial, helvetica;
 font-size:13px;
 }
 .articleByline {
 font-family:verdana, arial, helvetica;
 font-weight:normal;
 font-style:italic;
 font-size:13px;
 height:30px;
 }
 .articleDate {
 font-family:verdana, arial, helvetica;
 font-size:11px;
 }
 .articleHeadline {
 font-family:verdana, arial, helvetica;
 font-weight:bold;
 font-size:18px;
 height:36px;
 text-align:left;
 }
 .articleImageCaption {
 font-family:verdana, arial, helvetica;
 font-weight:bold;
 font-size:9px;
 }
 .articleOptions {
 color:#000000;
 background-color:#FFFFFF;
 font-family:sans-serif, arial, helvetica;
 font-size:8px;
 text-decoration:none;
 vertical-align:middle;
 }
 .articleOptionsHead {
 color:#000000;
 background-color:#FFFFFF;
 font-family:sans-serif, arial, helvetica;
 font-weight:normal;
 font-size:8px;
 }
 .articleOptionsTop {
 color:#999999;
 font-family:verdana, arial, helvetica, sans-serif;
 font-weight:bold;
 font-size:8px;
 text-decoration:none;
 vertical-align:middle;
 }
 .articleOverline {
 font-family:sans-serif, arial, helvetica;
 font-weight:normal;
 font-size:12px;
 height:24px;
 text-align:left;
 }
 .articlesFrom {
 font-family:sans-serif, arial, helvetica;
 font-weight:bold;
 font-size:14px;
 }
 .articleSubHeadline {
 font-family:sans-serif, arial, helvetica;
 font-weight:bold;
 font-size:14px;
 height:30px;
 }
 .breakNewsBox {
 color:#000000;
 background-color:#FFFFFF;
 width:200px;
 text-align:left;
 border-width:1px;
 border-color:#666666;
 border-style:solid;
 }
 .breakNewsHead {
 color:#FFFFFF;
 background-color:#00008B;
 font-family:verdana, arial, helvetica;
 font-weight:bold;
 font-style:normal;
 font-size:14px;
 text-decoration:none;
 border-style:ridge;
 }
 .breakNewsLink {
 color:#000000;
 background-color:#FFFFFF;
 font-family:verdana, arial, helvetica;
 font-size:11px;
 }
 .breakNewsSection {
 color:#000000;
 background-color:#FFFFFF;
 font-family:verdana, arial, helvetica;
 font-weight:bold;
 font-size:11px;
 text-decoration:none;
 }
 .content {
 color:#000000;
 background-color:#ffffff;
 font-family:ans-serif, arial, helvetica;
 font-size:10px;
 }
 .date {
 color:#000000;
 font-family:arial, sans-serif, helvetica;
 font-weight:bold;
 font-size:9px;
 }
 .homeArticleBlurb {
 font-family:verdana, arial, helvetica;
 font-size:12px;
 }
 .homeArticleLinkText {
 color:#000000;
 font-family:verdana, arial, helvetica;
 font-size:12px;
 }
 .homeArticleTitle {
 color:#000000;
 font-family:verdana, arial, helvetica;
 font-weight:bold;
 font-size:14px;
 }
 .homeSectionTitle {
 color:#FFFFFF;
 background-color:#00008B;
 font-family:verdana, arial, helvetica;
 font-weight:bold;
 font-style:normal;
 font-size:14;
 width:55%;
 text-decoration:none;
 border-style:inset;
 }
 .nav {
 background-color:#FFFFFF;
 }
 .navaa {
 color:#000099;
 background-color:#FFFFFF;
 font-family:sans-serif, arial, helvetica;
 font-weight:bold;
 font-size:13px;
 text-decoration:none;
 text-indent:2px;
 }
 .navab {
 color:#CC3333;
 background-color:#FFFFFF;
 font-family:sans-serif, arial, helvetica;
 font-weight:bold;
 font-size:13px;
 text-decoration:underline;
 text-indent:2px;
 }
 .navba {
 color:#000099;
 background-color:#FFFFFF;
 font-family:sans-serif, arial, helvetica;
 font-size:10px;
 height:15px;
 text-decoration:underline;
 text-indent:7px;
 }
 .navbb {
 color:#CC0000;
 background-color:#FFFFFF;
 font-family:sans-serif, arial, helvetica;
 font-weight:normal;
 font-size:10px;
 height:15px;
 text-decoration:underline;
 text-indent:7px;
 }
 .navca {
 color:#999999;
 background-color:#FFFFFF;
 font-family:sans-serif, arial, helvetica;
 font-size:10px;
 height:15px;
 text-decoration:underline;
 text-indent:12px;
 }
 .navcb {
 color:#CC0000;
 background-color:#FFFFFF;
 font-family:sans-serif, arial, helvetica;
 font-weight:normal;
 font-size:10px;
 height:15px;
 text-decoration:underline;
 text-indent:12px;
 }
 .nmoMastHead {
 background-color:#FFFFFF;
 text-align:center;
 }
 .otherArticlesBox {
 background-color:#FFFFFF;
 }
 .otherArticlesDate {
 color:#000000;
 background-color:#FFFFFF;
 font-family:sans-serif, arial, helvetica;
 font-size:10px;
 text-align:center;
 }
 .otherArticlesHead {
 color:#000000;
 background-color:#FFFFFF;
 font-family:sans-serif, arial, helvetica;
 font-weight:normal;
 font-size:10px;
 }
 .otherArticlesLink {
 color:#000000;
 background-color:#FFFFFF;
 font-family:sans-serif, arial, helvetica;
 font-size:10px;
 }
 .otherArticlesTitle {
 color:#000000;
 background-color:#FFFFFF;
 font-family:sans-serif, arial, helvetica;
 font-weight:normal;
 font-size:10px;
 }
 .packageHead {
 font-family:sans-serif, arial, helvetica;
 font-weight:bold;
 font-size:14px;
 }
 .packageLink {
 font-family:sans-serif, arial, helvetica;
 font-size:10px;
 }
 .pageBottomLinks {
 color:#000099;
 font-family:arial, verdana, sans-serif;
 font-size:12px;
 text-decoration:underline;
 }
 .pageBottomTitle {
 color:#FFFFFF;
 background-color:#000066;
 font-family:arial, verdana, sans-serif;
 font-weight:bold;
 font-size:16px;
 }
 .pageLeftLinks {
 color:#000066;
 font-family:arial, sans-serif, verdana;
 font-size:11px;
 text-decoration:none;
 }
 .pollsAnswer {
 color:#000000;
 font-family:sans-serif, arial, helvetica;
 font-size:11px;
 vertical-align:top;
 }
 .pollsBox {
 background-color:#FFFFFF;
 width:120px;
 border-width:2px;
 border-color:#EEEEEE;
 border-style:outset;
 }
 .pollsHead {
 color:#000000;
 background-color:#9999FF;
 font-family:sans-serif, arial, helvetica;
 font-size:10px;
 text-align:center;
 border-width:2px;
 border-color:#EEEEEE;
 border-style:outset;
 }
 .pollsQuestion {
 color:#000000;
 font-family:sans-serif, arial, helvetica;
 font-size:11px;
 text-align:center;
 }
 .pollsViewResults {
 color:#000066;
 font-family:sans-serif, arial, helvetica;
 font-style:italic;
 font-size:14px;
 text-align:center;
 }
 .redbody {
 color:#FF0000;
 font-family:arial, verdana, helvetica;
 font-weight:bold;
 font-size:13px;
 }
 .searchBody {
 color:#000000;
 background-color:#CCCCCC;
 font-family:sans-serif, arial, helvetica;
 font-weight:bold;
 font-size:12px;
 }
 .searchBox {
 background-color:#CCCCCC;
 border-width:2px;
 border-color:#000000;
 border-style:groove;
 }
 .searchHead {
 color:#FFFFFF;
 background-color:#000000;
 font-family:sans-serif, arial, helvetica;
 font-weight:bold;
 font-size:14px;
 }
 .searchNew {
 color:#0033FF;
 font-family:sans-serif, arial, helvetica;
 font-weight:bold;
 font-size:10px;
 text-decoration:none;
 }
 .searchPages {
 color:#660099;
 font-family:sans-serif, arial, helvetica;
 font-size:12px;
 }
 .searchQuery {
 color:#000000;
 font-family:sans-serif, arial, helvetica;
 font-size:12px;
 }
 .searchResultAuthor {
 color:#000000;
 font-family:sans-serif, arial, helvetica;
 font-weight:bold;
 font-size:10px;
 }
 .searchResultBody {
 color:#000000;
 background-color:#FFFFFF;
 font-family:sans-serif, arial, helvetica;
 font-size:12px;
 }
 .searchResultDate {
 color:#000000;
 background-color:#FFFFFF;
 font-family:sans-serif, arial, helvetica;
 font-size:12px;
 }
 .searchResultLinkTitle {
 color:#0033FF;
 font-family:sans-serif, arial, helvetica;
 font-weight:bold;
 font-size:14px;
 }
 .searchResultSection {
 color:#000000;
 font-family:sans-serif, arial, helvetica;
 font-weight:bold;
 font-size:14px;
 }
 .sectionArticleBlurb {
 font-family:verdana, arial, helvetica;
 font-size:12px;
 text-align:justify;
 }
 .sectionArticleTitle {
 color:#000066;
 font-family:verdana, arial, helvetica;
 font-weight:bold;
 font-size:14px;
 }
 .sectionImageCaption {
 font-family:verdana, arial, helvetica;
 font-weight:bold;
 font-size:10px;
 }
 .sectionLinkText {
 color:#000066;
 font-family:verdana, arial, helvetica;
 font-size:11px;
 }
 .sectionSectionTitle {
 color:#000000;
 font-family:verdana, arial, helvetica;
 font-weight:bold;
 font-size:25px;
 }
 .simpleSearchHead {
 color:#999999;
 background-color:#FFFFFF;
 font-family:verdana, arial, helvetica;
 font-size:9px;
 }
 .simpleSearchLink {
 color:#999999;
 background-color:#FFFFFF;
 font-family:verdana, arial, helvetica;
 font-size:9px;
 text-decoration:none;
 }
 .simpleSearchText {
 color:#000000;
 background-color:#FFFFFF;
 font-family:verdana, arial, helvetica;
 font-size:9px;
 }
 .time {
 color:#000000;
 font-family:arial, sans-serif, helvetica;
 font-size:9px;
 }
 .topNavBar {
 background-color:#003463;
 }
 .weatherBox {
 background-color:#FFFFFF;
 width:120px;
 border-width:1px;
 border-color:#00659C;
 border-style:solid;
 }
 .weatherContent {
 border-width:3px;
 border-color:#FFFFFF;
 border-style:solid;
 }
 .weatherHead {
 color:#FFFFFF;
 background-color:#00659C;
 font-family:sans-serif, arial, helvetica;
 font-weight:bold;
 font-size:10px;
 text-align:center;
 }
 .weatherHigh {
 color:#FF0000;
 font-family:sans-serif, arial, helvetica;
 font-size:10px;
 }
 .weatherLow {
 color:#3399FF;
 font-family:sans-serif, arial, helvetica;
 font-size:10px;
 }
 .WthrDay {
 font-family:Arial, Helvetica, sans-serif;
 font-weight:bold;
 font-size:12px;
 text-align:center;
 }
 .WthrDayInfo {
 font-family:Arial, Helvetica, sans-serif;
 font-size:11px;
 text-align:center;
 }
 .WthrDetailed {
 font-family:Arial, Helvetica, sans-serif;
 font-weight:normal;
 font-size:12px;
 text-align:left;
 }
 .WthrEven {
 background-color:#FFFFFF;
 font-family:verdana;
 font-size:11px;
 }
 .WthrHi {
 color:#CC0033;
 font-family:arial;
 font-weight:bold;
 font-size:12px;
 }
 .WthrIcon {
 text-align:center;
 }
 .WthrLink {
 color:#003399;
 font-family:arial;
 font-size:12px;
 text-align:center;
 }
 .WthrLow {
 color:#3366CC;
 font-family:arial;
 font-weight:bold;
 font-size:12px;
 }
 .WthrOdd {
 background-color:#CCCCCC;
 font-family:verdana;
 font-size:11px;
 }
 .WthrRule {
 color:000099;
 background-color:000099;
 height:1px;
 }
 .WthrSubTitle {
 font-family:Arial, Helvetica, sans-serif;
 font-weight:bold;
 font-size:13px;
 }
 .WthrText {
 color:#666666;
 font-family:Arial, Helvetica, sans-serif;
 font-style:italic;
 font-size:12px;
 }
 .WthrTitle {
 color:000099;
 font-family:Arial, Helvetica, sans-serif;
 font-weight:bold;
 font-size:14px;
 }
 a:hover.navaa {
 color:#0000FF;
 background-color:#FFFFFF;
 font-family:sans-serif, arial, helvetica;
 font-weight:bold;
 font-size:13px;
 text-decoration:underline;
 text-indent:2px;
 }
 a:hover.navba {
 color:#0000FF;
 background-color:#FFFFFF;
 font-family:sans-serif, arial, helvetica;
 font-size:10px;
 text-decoration:underline;
 text-indent:7px;
 }
 a:hover.navca {
 color:#0000FF;
 background-color:#FFFFFF;
 font-family:sans-serif, arial, helvetica;
 font-size:10px;
 height:15px;
 text-decoration:underline;
 text-indent:12px;
 }
 a:hover.pageLeftLinks {
 color:#000066;
 font-family:arial, sans-serif, verdana;
 font-size:11px;
 text-decoration:underline;
 }
To unsubscribe, use the link at foot of this page.Breaking NewsLocal Headlinesâ€¢Â Car with young driver said to swerve near police cruiserâ€¢Â Foundation wins grant to plan rinkâ€¢Â Illustrator writes a book on bridgeSports Headlinesâ€¢Â A's used Tejada's dramatics to claim 18th straight winâ€¢Â Baseball throws brushback pitch at fan Web sitesâ€¢Â Bears triumph in QuebecToday's Editorialsâ€¢Â Waiting for PEER to make its caseToday's Headlines <!-- // Hide from older browsers
 function openEnlarged(url, width, height) 
 {
 wid = window.open(url, ""EnlargedImage"", ""toolbar=no,status=yes,directories=no,location=no,scrollbars=yes,width=""+ width +"",height=""+ height +"",resizable=yes"");
 wid.focus();
 } function showVideo(url, width, height) {
 wid = window.open(url + '?path=', ""EnlargedImage"", ""toolbar=no,status=yes,directories=no,location=no,scrollbars=yes,width=""+ width +"",height=""+ height +"",resizable=yes"");
 wid.focus();
 }
 
 // -->Lieutenant governor's race competitive, uniqueBOSTON -- Mitt Romney flinched when asked about the possibility of being forced to campaign with James Rappaport instead of his hand-picked running mate, Kerry Healey.... MoreLOCAL NEWS <!-- // Hide from older browsers
 function openEnlarged(url, width, height) 
 {
 wid = window.open(url, ""EnlargedImage"", ""toolbar=no,status=yes,directories=no,location=no,scrollbars=yes,width=""+ width +"",height=""+ height +"",resizable=yes"");
 wid.focus();
 } function showVideo(url, width, height) {
 wid = window.open(url + '?path=', ""EnlargedImage"", ""toolbar=no,status=yes,directories=no,location=no,scrollbars=yes,width=""+ width +"",height=""+ height +"",resizable=yes"");
 wid.focus();
 }
 
 // -->'Dream' jobs vs. real jobs Couples juggle life and laborLabor Day delivers a break from tedious work tasks for much of the country's work force, but young Griffin Gageant recently seemed eager to launch a plan for his life's labor.... MoreSPORTS <!-- // Hide from older browsers
 function openEnlarged(url, width, height) 
 {
 wid = window.open(url, ""EnlargedImage"", ""toolbar=no,status=yes,directories=no,location=no,scrollbars=yes,width=""+ width +"",height=""+ height +"",resizable=yes"");
 wid.focus();
 } function showVideo(url, width, height) {
 wid = window.open(url + '?path=', ""EnlargedImage"", ""toolbar=no,status=yes,directories=no,location=no,scrollbars=yes,width=""+ width +"",height=""+ height +"",resizable=yes"");
 wid.focus();
 }
 
 // -->Wood or aluminum: MIAA to decideThe Massachusetts Interscholastic Athletic Association, the governing body of scholastic sports in the state, will be meeting later this month to discuss the possibility of using wooden bats for the 2003 scholastic baseball postseas... MoreCOMMENTARY <!-- // Hide from older browsers
 function openEnlarged(url, width, height) 
 {
 wid = window.open(url, ""EnlargedImage"", ""toolbar=no,status=yes,directories=no,location=no,scrollbars=yes,width=""+ width +"",height=""+ height +"",resizable=yes"");
 wid.focus();
 } function showVideo(url, width, height) {
 wid = window.open(url + '?path=', ""EnlargedImage"", ""toolbar=no,status=yes,directories=no,location=no,scrollbars=yes,width=""+ width +"",height=""+ height +"",resizable=yes"");
 wid.focus();
 }
 
 // -->Emily Post evolvesThe New York Times announcement last month that the paper will add same-sex unions to its wedding announcements provides a nice boost to the cause of gay rights. The Times, however, is only acknowledging a healthy social phenomenon that's been building fo... Moreï¿½
Special Sections
EntertainmentAntiques Guide
Auto Showcase
Berkshire
Business
Berkshires Week
Berkshires 2030
Community
Dot Com Directory
Golden Years
Health Quarterly
Home Improvement
Summer Preview
Outdoor Living
Wedding Planner
Arts/Entertainment
Books
Movie Schedules
Movie Reviews
Theater Reviews
Columnists
Lotteries
Headbone Zone
SportZone
Personals
What's Doing?
Week's Calendar
Photo Reprints
click to unsubscribe from newsletter or change format",0,zefang-phishing-email,zefang-phishing-email,en,344202ef147eae99df89d69a41401fc4e1c19ea2f13daf79852259e76660ed2c,0.6840206865613826,1,True,0.9260500801339306,1,0.24202939357254805,False,0.6840206865613826,0.1840206865613826,false_positive_v2
email-0033942,"Subject: FW: Angels are ....

Another tidbit to remind us that we see/hear Divinity all around us: 

Just remember, ""Our God is an Awesome God!"" 

READ This All the Way, and send it back please! 
This will give you the chills.....GOOD Chills! 

A young man had been to Wed. night Bible Study. The pastor had shared 
about listening to God and obeying the Lord's voice. The young man 
couldn't help but wonder, Does God still speak to people?"" 

After service, he went out with some friends for coffee 
and pie, and they discussed the message. Several different ones talked 
about how God had led them in different ways. 

It was about ten o'clock when the young man started driving home. 
Sitting in his car, he just began to pray, ""God...If you still speak to 
people speak to me. I will listen. I will do my best to obey."" 

As he drove down the main street of his town, he had the strangest 
thought to stop and buy a gallon of milk. He shook his head and said out 
loud, ""God is that you?"" He didn't get a reply and started on toward 
home. 

But again, the thought, buy a gallon of milk. The young man thought 
about Samuel and how he didn't recognize the voice of God, and how 
little Samuel ran to Eli. ""Okay, God, in case that is you, I will buy 
the milk."" It didn't seem like too hard a test of obedience. He could 
always use the milk. He stopped and purchased the gallon of milk and 
started off toward home. 

As he passed Seventh Street, he again felt the urge, ""Turn down that 
street."" This is crazy he thought and drove on past the intersection. 
Again, he felt that he should turn down Seventh Street. At the next 
intersection, he turned back and headed down Seventh. Half jokingly, he 
said out loud, ""Okay, God, I will."" 

He drove several blocks, when suddenly, he felt like he should stop. 
He pulled over to the curb and looked around. He was in a 
semi-commercial area of town. It wasn't the best but it wasn't the worst 
of neighborhoods either. The businesses were closed and most of the 
houses looked dark like the people were already in bed. 

Again, he sensed something, ""Go and give the milk to the people in the 
house across the street."" The young man looked at the house. It was dark 
and it looked like the people were either gone or they were already 
asleep. He started to open the door and then sat back in the car seat. 
""Lord, this is insane. Those people are asleep and, if I wake them up, 
they are going to be mad and I will look stupid."" 

Again, he felt like he should go and give the milk. Finally, he opened 
the door. ""Okay God, if this is you, I will go to the door and I will 
give them the milk. If you want me to look like a crazy person, okay. I 
want to be obedient. I guess that will count for something, but, if they 
don't answer right away, I am out of here. 

He walked across the street and rang the bell. He could hear some noise 
inside. A man's voice yelled out, ""Who is it? What do you want?"" Then 
the door opened before the young man could get away. The man was 
standing there in his jeans and t-shirt. He looked like he just got out 
of bed. He had a strange look on his face, and he didn't seem too happy 
to have some stranger standing on his doorstep. ""What is it?"" The young 
man thrust out the gallon of milk. ""Here I brought this to you."" 

The man took the milk and rushed down a hallway, speaking loudly in 
Spanish. Then from down the hall came a woman carrying the milk toward 
the kitchen. The man was following her holding a baby. The baby was 
crying. The man had tears streaming down his face. The man began 
speaking and half-crying, ""We were just praying. We had some big bills 
this month and we ran out of money. We didn't have any milk for our 
baby. I was just praying and asking God to show me how to get some 
milk."" 

His wife in the kitchen yelled out, ""I ask him to send an Angel with 
some. Are you an Angel?"" 

The young man reached into his wallet and pulled out all the money he 
had on him and put in the man's hand. He turned and walked back toward 
his car and the tears were streaming down his face. He knew that God 
still answers prayers. 

This is a simple test... 

If you believe that God is alive and well, send this to at least ten 
people and the person that sent it to you!",0,TREC-05,seven-phishing-email,en,1ffef99db40b288a139069e92dfa378170af07f4bc177130c017f62943e0e917,0.665415022186216,1,True,0.9698086538561932,1,0.30439363166997724,False,0.665415022186216,0.16541502218621595,false_positive_v2
email-0137454,"Subject: OU - tx Weekend

I forgot to post the link in my previsou e-mail. 
http://gladwin.net/outx2001/outx2001Pics/orderOuTxPics.htm

Michael
-----------------------------------------------
For reference, your link to this Invite is:
http://evite.citysearch.com/r?iid=VSHOLKFAMPKGVWWUIKLN

 

Why is everyone using Evite? It blows email and phone tag away. 
Click here: http://evite.citysearch.com/csplash?li=egi7

48484848",0,TREC-05,seven-phishing-email,en,f7f8aeca0cf859e9f7d22371c25f29d20cec544ff46522273ebb484ac6b54b97,0.657034295751718,1,True,0.9876772646149145,1,0.33064296886319644,False,0.657034295751718,0.157034295751718,false_positive_v2
email-0142839,"Subject: [Reform] $0ft Cialli$, branded quality

Please see attach.
http://ptn.heropopotamus.com/

----
Youre becoming as arrogant as 
Its good of you to say so, mil
Colin laughed again. Then he s
She didnt confide in me, Flann",0,TREC-07,seven-phishing-email,en,6e5b35f4824acb94c4d02ffbac439cdc8f817efe927c32d68217c1823fe2c523,0.6571465664767302,1,True,0.9807014809159885,1,0.3235549144392583,False,0.6571465664767302,0.1571465664767302,false_positive_v2
email-0009505,"Subject: IBM eNews: Aktuelle Informationen von IBM

IBM eNews
4. Juli 2002

Liebe Leserin, lieber Leser,

zur Zeit findet in Wimbledon das diesjhrige Tennisturnier 
statt - mit Hilfe von IBM auch online unter 
http://www.wimbledon.org ein packendes Ereignis. 

Lesen Sie mehr ber diesem Internetauftritt und zu 
zahlreichen weiteren Themen aus der IT-Branche in der 
aktuellen Ausgabe von IBM eNews.

Nutzen Sie die Mglichkeit, auf folgender Webseite aus ber 
40 Interessensgebieten die Themen fr Ihre persnliche 
IBM eNews Ausgabe auszuwhlen. Sie erhalten dann Business-
Informationen nach Ma:
http://www.ibm.com/de/profile/change_interests.html

Alle Artikel knnen Sie jederzeit online auf dieser Webseite 
aufrufen:
http://www.ibm.com/de/news/enews/online/

Wir halten Sie auf dem Laufenden
IBM eNews

Wenn Sie in Zukunft IBM eNews nicht mehr erhalten mchten, 
knnen Sie sich auf dieser Webseite abmelden:
http://www.ibm.com/de/profile/unsubscribe.html

In der heutigen Ausgabe:
========================

e-business

 o Wimbledon gewinnt: Mit Hilfe von IBM auch online ein packendes Ereignis 
 http://isource.ibm.com/cgi-bin/goto?on=de020756

 o Neues Buch ""Deutschland Online"" weist Weg in die
 Informationsgesellschaft 
 http://isource.ibm.com/cgi-bin/goto?on=de020757

 o Weitere Artikel aus dem Bereich ""e-business"" 
 http://isource.ibm.com/cgi-bin/goto?on=020758

Business Lsungen und Services

 o Mehr Training fr alle: IBM Learning Services Corporate Card 
 http://isource.ibm.com/cgi-bin/goto?on=020721

 o Weitere Artikel aus dem Bereich ""Business Lsungen und Services"" 
 http://isource.ibm.com/cgi-bin/goto?on=020759

IT Solutions und Services

 o e-guide aktuell: Produkte und Lsungen fr den Mittelstand -
 zusammengefasst im IBM Kundenmagazin! 
 http://isource.ibm.com/cgi-bin/goto?on=020710

 o Sprechen Sie mit uns: Sicherheit ist Trumpf 
 http://isource.ibm.com/cgi-bin/goto?on=020712

 o Weitere Artikel aus dem Bereich ""IT Solutions und Services"" 
 http://isource.ibm.com/cgi-bin/goto?on=020760

Software

 o Software fr den Mittelstand 
 http://isource.ibm.com/cgi-bin/goto?on=020711

 o WebSphere Integration 
 http://isource.ibm.com/cgi-bin/goto?on=020724

 o Weitere Artikel aus dem Bereich ""Software"" 
 http://isource.ibm.com/cgi-bin/goto?on=020761

Hardware

 o Neu: IBM ThinkPad A31p - Die erste mobile 3D-Workstation! 
 http://isource.ibm.com/cgi-bin/goto?on=de020707

 o IBM eServer* pSeries 630 6E4/6C4 - Ankndigung des neuen Entry Servers 
 http://isource.ibm.com/cgi-bin/goto?on=020713

 o Weitere Artikel aus dem Bereich ""Hardware"" 
 http://isource.ibm.com/cgi-bin/goto?on=020762

------------------------------------------------------------
e-business
------------------------------------------------------------

Wimbledon gewinnt: Mit Hilfe von IBM auch online ein packendes Ereignis 

 Die neue Turnier-Website bietet Tennisfans in aller Welt 
 sekundenaktuelle Spielstnde, Live-Videos, Kommentare und 
 Interviews. Mit e-business on demand lsst sich dabei die 
 erforderliche Kapazitt fr den Ansturm whrend des Turniers 
 einfach einschalten - und anschlieend ebenso einfach wieder 
 abschalten. Ein echter Service-Gewinn, Klick fr Klick. 
 http://isource.ibm.com/cgi-bin/goto?on=de020756
 

Neues Buch ""Deutschland Online"" weist Weg in die
 Informationsgesellschaft 

 ""Die schnelle Transformation in die Informationsgesellschaft ist 
 Deutschlands letzte Chance, um im Kreis der groen 
 Wirtschaftsmchte zu verbleiben. Deutschland muss IT-Weltmacht 
 werden - und das pronto!"" Das verlangte der Vorsitzende der 
 Geschftsfhrung der IBM Deutschland, Erwin Staudt, anlsslich 
 der Vorstellung des Buches ""Deutschland online"" - Strategien und 
 Projekte fr die Informationsgesellschaft - in Berlin.
 http://isource.ibm.com/cgi-bin/goto?on=de020757

Weitere Artikel aus dem Bereich ""e-business"" 

 Weitere Artikel aus dem Bereich ""e-business"" finden Sie online
 auf unserer IBM eNews Website:
 http://isource.ibm.com/cgi-bin/goto?on=020758
 
 Unter folgender Adresse knnen Sie Ihre Interessensgebiete 
 auswhlen und erhalten dann Business-Informationen nach Ma:
 http://www-5.ibm.com/de/profile/change_interests.html

------------------------------------------------------------
Business Lsungen und Services
------------------------------------------------------------

Mehr Training fr alle: IBM Learning Services Corporate Card 

 IBM Learning Services bietet Ihnen preisgnstige Trainings: Mit 
 der IBM Learning Services Corporate Card sparen Sie bis zu 1.650 
 Euro. Im Unterschied zur IBM Learning Services Education Card 
 knnen Sie damit alle Ihre Mitarbeiter/innen zu den Trainings 
 senden.
 http://isource.ibm.com/cgi-bin/goto?on=020721

Weitere Artikel aus dem Bereich ""Business Lsungen und Services"" 

 Weitere Artikel aus dem Bereich ""Business Lsungen und Services"" 
 finden Sie online auf unserer IBM eNews Website:
 http://isource.ibm.com/cgi-bin/goto?on=020759
 
 Unter folgender Adresse knnen Sie Ihre Interessensgebiete 
 auswhlen und erhalten dann Business-Informationen nach Ma:
 http://www-5.ibm.com/de/profile/change_interests.html

------------------------------------------------------------
IT Solutions und Services
------------------------------------------------------------

e-guide aktuell: Produkte und Lsungen fr den Mittelstand -
 zusammengefasst im IBM Kundenmagazin! 

 Mit dieser Ausgabe bernehmen wir Teile des Heftes auch im Web. 
 Lesen Sie hier mehr ber den neuen Produkt- und Lsungsteil 
 oder bestellen Sie sich Ihr Exemplar des IBM Kundenmagazins 
 ""e-guide"" 2/2002.
 http://isource.ibm.com/cgi-bin/goto?on=020710

Sprechen Sie mit uns: Sicherheit ist Trumpf 

 Sie machen sich sicherlich Gedanken darber, ob Ihre e-business 
 Infrastruktur wirkungsvoll geschtzt ist - insbesondere vor dem 
 Hintergrund sich ffnender Strukturen.
 IBM - als einer der Vorreiter im Bereich e-business Sicherheits-
 strategien - bietet Ihnen Lsungen, mit denen Sie Ihre 
 IT-Infrastruktur sichern knnen. berzeugen Sie sich selbst:
 http://isource.ibm.com/cgi-bin/goto?on=020712

Weitere Artikel aus dem Bereich ""IT Solutions und Services"" 

 Weitere Artikel aus dem Bereich ""IT Solutions und Services"" 
 finden Sie online auf unserer IBM eNews Website:
 http://isource.ibm.com/cgi-bin/goto?on=020760
 
 Unter folgender Adresse knnen Sie Ihre Interessensgebiete 
 auswhlen und erhalten dann Business-Informationen nach Ma:
 http://www-5.ibm.com/de/profile/change_interests.html

------------------------------------------------------------
Software
------------------------------------------------------------

Software fr den Mittelstand 

 Hier finden Sie ausgewhlte Software-Produkte mit Beispielen 
 unserer zufriedenen Kunden. Die IBM Produktfamilien WebSphere, 
 DB2, Lotus und Tivoli sind die Basis fr eine Vielfalt von 
 e-business Lsungen. Sie sind industrie-spezifisch, skalierbar 
 ausgerichtet und basieren auf offenen Standards, so dass sie 
 speziell auf die Bedrfnisse des Mittelstandes zugeschnitten 
 werden knnen.
 http://isource.ibm.com/cgi-bin/goto?on=020711

WebSphere Integration 

 Mit WebSphere Integration versucht die IBM keine Technologie zu 
 vermarkten, die die unberschaubare Vielfalt der Individual-
 programmierungen um neue Facetten bereichert. Vielmehr agiert 
 sie wie ein Katalysator und ermglicht die Erweiterung und 
 Erneuerung von Systemlandschaften sowie die Migration von 
 geschftskritischen Daten. Mehr dazu im Software-Schwerpunkt 
 des Monats.
 http://isource.ibm.com/cgi-bin/goto?on=020724

Weitere Artikel aus dem Bereich ""Software"" 

 Weitere Artikel aus dem Bereich ""Software"" finden Sie online
 auf unserer IBM eNews Website:
 http://isource.ibm.com/cgi-bin/goto?on=020761
 
 Unter folgender Adresse knnen Sie Ihre Interessensgebiete 
 auswhlen und erhalten dann Business-Informationen nach Ma:
 http://www-5.ibm.com/de/profile/change_interests.html

------------------------------------------------------------
Hardware
------------------------------------------------------------

Neu: IBM ThinkPad A31p - Die erste mobile 3D-Workstation! 

 Der ThinkPad A31p (TV2N6GE, TV2L3GE, TV2N5GE) ist ausgerstet mit 
 einem Intel Pentium 4 Notebookprozessor-M, schnellen DDR Speicher-
 modulen und einem extrem leistungsfhigen Grafikchip. Auch die 
 Highspeed Festplatte lsst keine Wnsche offen. Zwei modulare 
 Laufwerkschchte sorgen fr ein Plus an Flexibilitt. Das Notebook 
 ist mit einer 10/100 Ethernet-Karte, einem 56K V.92 Modem, 
 integrierten 802.11b Wireless-Antennen/-Chip, Bluetooth sowie 
 einem IEEE 1394 (Firewire)-Anschluss ausgerstet. 
 http://isource.ibm.com/cgi-bin/goto?on=de020707

IBM eServer* pSeries 630 6E4/6C4 - Ankndigung des neuen Entry Servers 

 IBM definiert den UNIX Entry Server neu. Zuverlssigkeit und
 Verfgbarkeit der POWER4-Prozessortechnologie jetzt vom Entry- 
 bis zum Enterprise-Bereich, mit Selbstverwaltungsfunktionen aus 
 dem Projekt eLiza, ultraflaches Rack- oder Deskside-Modell, die 
 richtige Wahl fr kleine und mittelstndische Unternehmen.
 http://isource.ibm.com/cgi-bin/goto?on=020713

Weitere Artikel aus dem Bereich ""Hardware"" 

 Weitere Artikel aus dem Bereich ""Hardware"" finden Sie online
 auf unserer IBM eNews Website:
 http://isource.ibm.com/cgi-bin/goto?on=020762
 
 Unter folgender Adresse knnen Sie Ihre Interessensgebiete 
 auswhlen und erhalten dann Business-Informationen nach Ma:
 http://www-5.ibm.com/de/profile/change_interests.html

 

============================================================
Sie erhalten diese E-Mail, da Sie zu IBM eNews
 angemeldet sind als XXXXXX.YYYYYYYYYY@RUHR-UNI-BOCHUM.DE

*Das IBM eServer Warenzeichen besteht aus dem eingefhrten 
IBM e-business Logo, gefolgt von dem beschreibenden Begriff 
""Server"".
 
Nach unseren Kundendaten sind Sie an Informationsmaterial von 
IBM interessiert. An- und Abmelden sowie Ihre Einstellungen 
ndern knnen Sie auf folgender Website: 
http://www.ibm.com/de/profile/

Kontakt: webmaster@de.ibm.com
Copyright (c) 2002 IBM Deutschland",0,Assassin,seven-phishing-email,en,15f66b96dfeba1368f088cbbf5974d7b98984849e5715aa731e9b98f92f67479,0.6588010850768024,1,True,0.9428801476116954,1,0.284079062534893,False,0.6588010850768024,0.15880108507680235,false_positive_v2
email-0080309,"Subject: [Reform] Adobe Suite 3 Design

and chaste, lovely as lakes to the retired mento restaurants for Early Bird Specials.Introduction by Vilhjalmur StefanssonReshaping magnified, each risen flakeA pallid yellow lingersgrow hot in the parking lot, though they'reA frame of glided twilightILucky the bellstill full and deep of throat,Toward the still dab of white that oscillatesNo name, no meaning. Oh my friends,How can they get the point of how a worldOf the matter of snow here. Both of us have graspedIn search of brighter green to come. No way!visitors' dugout. The osprey whose nest is atopXV. The International Circumpolar Stations: The Greely ExpeditionBefore those virile women!Come, swallows, it's good-bye.Cuts out of its width (81). UnfairWhen I am heard, and what I say is solely",0,TREC-07,seven-phishing-email,en,504b6fe4d777ff557fa9f2c52e8fd2149c8326d56f5ae86b33353d3af642dabc,0.6510883507927838,1,True,0.9648702035494195,1,0.3137818527566357,False,0.6510883507927838,0.15108835079278382,false_positive_v2
email-0020528,"Subject: FW: MOUSE

Watch the whole thing ;)",0,TREC-05,seven-phishing-email,en,0a45a09279a9de206dc0aff741ad61b287b586e52b8769ecd7dcbbc308e6fca6,0.6919137855358753,1,True,0.5569492303137376,1,0.1349645552221378,False,0.6919137855358753,0.19191378553587535,false_positive_v2
email-0048071,"Subject: Demand Response Programs

DEMAND RESPONSE PROGRAMS The report is a detailed 165-page look at the past, present, and future state of the market for demand/load response based upon market price signals. This report is intended to provide significant value to individuals and companies who are considering participating in demand response programs, energy providers and ISOs interested in offering demand response programs, and consultants and analysts looking for detailed information on demand response technology, applications, and participants. The report contains profiles on 7 software providers, 3 demand exchanges, and 30 utilities/ISOs offering 70 different demand response programs. The report offers a look at the current Demand Response environment in the energy industry by: Defining what demand response programs are - Detailing the evolution of program types over the last 30 years - Discussing the key drivers of current initiatives - Identifying barriers and keys to success for the programs - Describing the different types of programs that exist including: direct load control, interruptible load, curtailable load, time-of-use, real time pricing, and demand bidding/buyback - Providing examples of the different types of programs - Examining the enablers of demand response programs - Identifying the key providers of software and outsourcing solutions to support programs - Providing a look at past and existing programs offered through ISOs - Providing a look at existing programs offered through utilities. View Executive Summary and Table of Contents WIN a PALM M130 Color Personal Digital Assistant!! For each report or event you order from EnergyPromotion.net, you will be entered into a drawing for a Palm M130 color handheld PDA. The more you buy, the more chances you have of winning. Drawing will be held July 15, 2002. View our Reports and Order Forms The Demand Response Programs report is available in Adobe Acrobat PDF format via Email, CD-ROM, or Hardcopy for $899. Download order form at www.energypromotion.net or call 303-369-3533 for more information. EnergyPromotion.net markets reports and events from select publishers and conference producers. If you are interested in having your energy-related product or services marketed to professionals in the energy industry, please contact us at info@energypromotion.net This mailing list is opt-in subscriber only. This is not SPAM and is never sent unsolicited. You are receiving this email because you or someone you know subscribed you at one of our associate websites that offer free subscription newsletters. If you no longer wish to receive any of our mailings you may be permanently removed by sending an email to remove@energypromotion.net with ""REMOVE"" in subject line. EnergyPromotion.net _____ email: info@energypromotion.net voice: 303-369-3533 web: http://www.energypromotion.net This email was sent to chris.germany@enron.com, by EnergyPromotion.net . Visit our Subscription Center to edit your interests or unsubscribe . View our privacy policy . Powered by Constant Contact",0,TREC-05,seven-phishing-email,en,90d859cf1ed4c4d87ce1a4e1d56e4c8ccd2ab4b1ce62e659bb1946ff653e65a2,0.6740935421202372,1,True,0.8337872048340951,1,0.15969366271385788,False,0.6740935421202372,0.1740935421202372,false_positive_v2
email-0067741,"Subject: no java ?

bill ,
how ' s your day going ? you seem busy and / or pre - occupied . do you still wanna go get some coffee ? if you are too busy , don ' t worry about it . i just need to drink some coffee whether it is here or there . . .
bye",0,Enron,seven-phishing-email,en,bab22c9e3f460891fa3ed790afd7f9b9940190757e48f57fbb6476c8d21a9725,0.6876393774411959,1,True,0.6049095246275785,1,0.08272985281361733,False,0.6876393774411959,0.18763937744119585,false_positive_v2
